aaron,10453
aback,29
abaft,20
abase,3
abash,4
abate,317
abbey,18762
abbot,5214
abeam,36
abets,12
abhor,17
abide,419
abode,676
abort,285
about,336251
above,54332
abuse,9054
abuts,375
abyss,733
accra,1794
ached,2
aches,90
acids,4610
acorn,1185
acres,32972
acrid,70
acryl,14
acted,12228
actin,633
actor,111855
acute,4507
adage,149
adams,18191
adapt,1876
added,57981
adder,433
addle,22
adept,642
adieu,192
adler,2509
adman,14
admit,1069
admix,0
adopt,2889
adore,186
adorn,305
adult,27412
aegis,1087
aesop,235
affix,192
afire,98
afoot,70
afore,24
afoul,128
after,694687
again,79056
agana,112
agape,204
agate,386
agent,29260
agile,1071
aging,3342
aglow,27
agnes,5204
agony,582
agree,3204
agues,6
ahead,12570
aided,3368
aider,8
aides,389
ailed,7
aimed,11068
aired,49122
aisle,753
alamo,1282
alarm,1933
album,539086
alder,1238
alert,2340
algae,3633
alias,4263
alibi,344
alice,13952
alien,6051
align,807
alike,2684
alive,8238
allah,1986
allan,11140
allay,40
alley,3678
allot,65
allow,22387
alloy,2053
aloft,288
aloha,836
alone,13661
along,175769
aloof,116
aloud,821
alpha,11462
altar,3567
alter,3202
altos,619
alvin,3151
amain,8
amass,204
amaze,96
amber,3487
ambit,162
amble,94
ameba,20
amend,951
amine,982
amino,4101
amiss,47
amity,596
amman,2016
among,131695
amour,615
ample,815
amply,71
amuck,26
amuse,179
andes,6504
andre,5455
angel,13433
anger,2094
angle,8409
anglo,1071
angry,2505
angst,385
angus,4358
anise,255
anita,4059
ankle,1296
annex,2566
annie,6292
annoy,63
annul,76
annum,848
anode,342
antic,127
anton,9565
anvil,600
aorta,431
apace,34
apart,13467
aphid,499
aping,10
apish,0
apple,13541
apply,7438
april,309299
apron,477
aptly,313
arabs,2389
arbor,2611
arced,15
arden,1340
ardor,59
areas,88946
arena,33381
argon,363
argos,993
argot,72
argue,2687
argus,1377
arias,1682
aries,531
arise,3268
armed,25769
armor,2556
aroma,774
arose,3952
array,7298
arrow,4480
arson,1109
aruba,1300
arvin,206
aryan,670
ascii,1150
ascot,1174
ashen,103
ashes,3585
asian,56170
aside,6224
asked,12899
asker,537
askew,393
aspen,2110
aspic,60
assam,7078
assay,927
asses,117
asset,5292
aster,1803
astir,29
atilt,0
atlas,6231
atoll,3385
atoms,4468
atone,82
attic,1865
audio,17897
audit,2550
auger,929
aught,23
augur,118
aunts,278
aural,302
auras,29
autos,152
avail,377
avant,1001
avers,57
avert,233
avery,2570
avoid,11066
avows,3
await,327
awake,1014
award,189544
aware,3165
awash,226
awful,470
awing,9
awoke,94
axial,819
axing,50
axiom,1054
axles,812
aztec,1902
azure,1020
babes,527
backs,1802
bacon,3476
badge,3573
badly,3186
bagel,220
baggy,154
bails,57
baits,87
baize,35
baked,1589
baker,15406
bakes,53
baler,103
bales,444
balks,53
balky,3
balls,5167
balms,13
balmy,165
balsa,191
bambi,359
banal,133
banco,1863
bands,25658
bandy,2862
banff,1252
bangs,397
banjo,2273
banks,22733
banns,31
bantu,1605
barbs,152
bards,345
bared,41
bares,77
barge,1868
barks,341
barns,1305
baron,34397
barry,15314
basal,6011
based,269562
basel,4651
baser,33
bases,7863
basic,23686
basil,3849
basin,24191
basis,29626
basks,4
basle,189
basra,753
baste,17
batch,2460
bated,5
bates,7637
bathe,291
baths,1835
baton,3335
batty,305
baulk,16
bawds,2
bawdy,163
bawls,7
bayou,1792
beach,52958
beads,1098
beady,72
beaks,182
beams,1805
beans,3037
beard,2836
bears,16189
beast,4172
beats,3453
beaux,819
bebop,647
beech,2483
beefs,16
beefy,32
beeps,54
beers,1808
beets,270
befit,4
befog,0
began,151978
beget,37
begin,11952
begot,30
begun,9011
beige,628
being,262925
belay,110
belch,34
belie,21
belle,5554
bello,1317
bells,3762
belly,2094
below,40960
belts,1287
bench,5377
bends,612
benin,4829
beret,317
bergs,55
berry,6464
berth,2442
beryl,825
beset,350
bests,1062
betel,184
betsy,1254
betty,6452
bevel,183
bible,16063
biddy,125
bided,9
bides,3
bidet,37
biers,18
bight,1022
bigot,252
biked,14
bikes,1689
bilge,215
bills,6217
billy,17520
binds,1778
binge,281
bingo,1003
biped,40
birch,3399
birds,20903
birth,21889
bison,1888
bitch,1062
biter,65
bites,987
bitty,106
blabs,0
black,121935
blade,5215
blake,7173
blame,1506
bland,1352
blank,2429
blare,16
blase,48
blast,4106
blaze,1691
bleak,697
blear,2
bleat,6
bleed,634
bleep,105
blend,3360
bless,866
blest,63
blimp,270
blind,9741
blink,519
blips,28
bliss,2312
blitz,1889
bloat,46
blobs,114
block,31744
bloke,225
blond,631
blood,29135
bloom,3378
blots,31
blown,1441
blows,915
blues,26252
bluff,5200
blunt,1748
blurb,105
blurs,86
blurt,41
blush,247
board,99007
boars,203
boast,383
boats,9885
bobby,12097
boded,7
bodes,8
boers,238
bogey,229
boggy,376
bogie,387
bogus,314
boils,142
bolts,712
bombs,2948
bonds,6032
boned,47
boner,135
bones,6586
bongo,775
bonny,499
bonus,10315
boobs,72
booby,249
booed,129
books,94839
booms,276
boons,46
boors,11
boost,2145
booth,4281
boots,2937
booty,587
booze,201
boozy,22
borax,220
bored,659
borer,866
bores,213
boris,7167
borne,3803
boron,780
bosom,178
bossy,159
bosun,30
botch,42
bough,199
bound,7860
bouts,1467
bowed,664
bowel,873
bower,1100
bowie,3104
bowls,4709
boxed,989
boxer,17671
boxes,3364
brace,832
brads,17
brags,21
braid,616
brain,15320
brake,1897
brand,33224
brash,338
brass,5792
brats,137
brave,3636
bravo,2845
brawl,701
brawn,177
brays,61
braze,19
bread,5722
break,17531
bream,528
breed,8881
brews,193
brian,28700
briar,401
bribe,419
brick,23304
bride,3437
brief,14641
brier,1058
brims,40
brine,547
bring,14878
brink,1080
briny,41
brisk,247
broad,18593
broil,11
broke,16002
bronx,4522
brood,923
brook,11756
broom,1228
broth,685
brown,72118
brows,49
bruce,20191
brunt,380
brush,3015
brute,402
bryan,9236
bucks,2822
buddy,4281
budge,472
buffs,212
buggy,539
bugle,957
build,20341
built,225728
bulbs,929
bulge,960
bulks,10
bulky,385
bulls,5264
bully,758
bumps,742
bumpy,224
bunch,1700
bungs,9
bunks,72
bunny,2505
buoys,251
burke,6091
burly,83
burma,8973
burns,7676
burnt,3217
burps,9
burrs,41
burst,1891
buses,6956
bushy,723
busts,642
butch,1492
butte,4340
butts,676
buxom,30
buyer,1679
bylaw,106
byres,53
byron,4331
bytes,782
byway,1085
cabal,353
cabby,19
cabin,5665
cable,17869
cache,2080
cacti,512
caddy,263
cadet,4030
cadge,0
cadre,866
cafes,896
caged,254
cages,442
cagey,14
cairn,1174
cairo,6318
caked,14
cakes,1152
calls,11284
calms,27
calve,22
camas,419
camel,1737
cameo,2890
camps,7546
canal,25468
candy,4881
caned,20
canes,343
canna,325
canny,108
canoe,6926
canon,9315
canto,1052
cants,12
caper,427
capes,362
capon,238
carat,242
cards,11718
cared,757
cares,708
carew,860
carey,5284
cargo,11819
carol,6884
carps,121
carry,15036
carts,598
carve,359
cased,148
cases,33777
casks,157
caste,3424
casts,1202
catch,5425
cater,1386
cathy,1748
catty,49
caulk,43
cause,25498
caved,47
caves,5958
cavil,12
cawed,0
cease,1911
cecil,6713
cedar,7661
ceded,1682
cedes,18
celia,1107
cello,3501
cells,23852
celts,468
cents,1532
chafe,63
chaff,176
chain,25133
chair,24368
chalk,2500
champ,1648
chant,1663
chaos,3943
chaps,116
chard,299
charm,1694
chars,55
chart,82439
chary,30
chase,9479
chasm,199
chats,227
cheap,2695
cheat,678
check,4778
cheek,1063
cheep,38
cheer,757
chefs,1239
chess,20826
chest,3503
chews,69
chewy,202
chick,1671
chide,11
chief,90709
child,42473
chile,22568
chili,2081
chill,992
chime,295
chimp,139
china,118347
chine,341
chink,79
chins,41
chips,2914
chirp,111
chits,23
chive,41
chivy,0
chock,82
choir,10342
choke,522
chomp,51
chops,216
chord,2925
chore,86
chose,14384
chows,5
chris,32134
chubb,332
chuck,7070
chuff,5
chugs,5
chump,65
chums,90
chunk,455
churl,16
churn,175
chute,692
cider,1093
cigar,1297
cinch,38
cindy,1801
circa,5899
cited,11603
cites,1563
civic,11944
civil,110098
clack,225
claim,16106
clamp,721
clams,853
clang,70
clank,174
clans,2512
claps,77
clark,22112
clash,3060
clasp,417
class,101266
claus,2139
claws,887
clays,503
clean,8256
clear,18871
cleat,45
clefs,53
cleft,768
clerk,8015
click,2509
cliff,7877
climb,3788
clime,25
cling,198
clink,79
clint,1850
clips,2334
clive,3778
cloak,767
clock,7889
clods,22
clogs,109
clone,1566
clonk,16
close,61166
cloth,3324
clots,226
cloud,10068
clout,180
clove,338
clown,2610
cloys,0
clubs,39407
cluck,57
clues,1035
clump,479
clung,76
coach,130438
coals,197
coast,96970
coats,1668
cobol,164
cobra,1971
cocks,445
cocky,143
cocoa,1586
coded,1230
codes,9940
cohen,6359
coils,518
coins,7582
cokes,26
colds,65
colic,221
colin,9888
colne,639
colon,1704
color,26737
colts,4392
comas,165
combs,1062
comer,330
comes,28561
comet,3800
comfy,38
comic,34405
comma,539
conch,491
coned,10
cones,2122
coney,962
conga,245
congo,18089
conic,331
conks,21
cooed,0
cooks,890
cools,291
coops,46
coots,118
coped,55
copes,99
copse,270
copts,190
coral,7162
cords,588
cored,36
corer,20
cores,1270
corey,2326
corfu,925
corgi,192
corks,54
corky,321
corns,71
corny,113
corps,34972
cosec,4
costs,10449
couch,1102
cough,559
could,75580
count,28975
coupe,3041
coups,410
court,126318
coven,288
cover,41479
coves,252
covet,38
cowed,11
cower,11
cowls,21
coyly,9
coypu,14
crabs,1626
crack,1937
craft,8738
crags,527
craig,12843
cramp,321
crams,2
crane,5074
crank,678
crash,11825
crass,243
crate,302
crave,180
crawl,907
craws,2
craze,575
crazy,5777
creak,32
cream,8183
credo,343
creed,2142
creek,75360
creep,575
crepe,86
crept,93
cress,234
crest,4631
crete,3470
crews,3251
cribs,211
crick,360
cried,477
crier,144
cries,553
crime,31840
crimp,98
crisp,1334
croak,42
crock,103
crone,242
crony,51
crook,1447
croon,59
crops,6216
cross,55205
crowd,6067
crown,27810
crows,1104
crude,2762
cruel,1834
cruet,20
crumb,414
crush,1976
crust,2123
crypt,1193
cuban,10452
cubed,100
cubes,607
cubic,4562
cubit,64
cuffs,178
culls,19
cults,711
cumin,220
cupid,723
curae,14
curbs,66
curds,97
cured,821
cures,431
curia,787
curie,661
curio,145
curls,212
curly,998
curry,2897
curse,2909
curst,3
curve,6194
cushy,14
cusps,199
cuter,20
cycle,19805
cynic,236
cyril,4179
cysts,560
czars,70
czech,49722
dacca,128
dacha,116
daddy,2652
daffy,429
daily,37747
dairy,5694
daisy,4844
dakar,1657
dales,824
dally,240
dames,696
damns,6
damps,25
dance,52115
dandy,920
danny,9743
dante,2425
dared,261
dares,226
darns,2
darts,4719
dated,11813
dater,67
dates,21877
datum,400
daubs,3
daunt,51
david,128365
davis,30415
davit,272
dawns,81
dazed,213
dazes,0
deals,8579
dealt,3900
deans,716
dears,71
death,151842
debar,165
debit,571
debra,1193
debts,1848
debug,208
debut,125400
decay,3055
decks,1130
decor,579
decoy,540
decry,31
deeds,1979
deems,293
deere,386
defer,175
defog,8
degas,259
deify,10
deign,4
deism,128
deist,77
deity,5207
delay,3989
delft,1107
delhi,17335
delta,15037
delve,149
demon,4169
demur,12
denim,450
denis,7777
dense,5643
dents,94
depot,9874
depth,10712
derek,6623
desks,298
deter,591
deuce,403
devil,6507
dewed,0
dhabi,2578
dials,277
diana,6597
diane,4080
diary,5147
diced,201
dices,19
dicey,77
dicta,89
diets,569
digit,1389
dijon,992
dikes,415
dimes,197
dimly,95
dinar,466
dined,96
diner,1125
dines,154
dingo,310
dings,37
dingy,144
dinky,127
diode,634
dirge,140
dirty,5078
disco,4784
discs,3362
disks,1279
ditch,1784
ditto,157
ditty,105
divan,281
divas,634
dived,110
diver,3058
dives,918
dixie,2772
dixon,5584
dizzy,1155
djinn,118
docks,2162
dodge,4151
dodos,54
doers,39
doffs,5
doggy,158
dogma,554
doily,13
doing,11477
doled,13
doles,54
dolls,3039
dolly,2037
dolts,3
domed,717
domes,1185
donee,26
donna,4090
donor,2996
dooms,62
doors,7480
doped,179
doper,8
dopes,14
dopey,34
doric,1414
doris,3244
dorsa,115
dosed,29
doses,1154
doted,11
dotes,9
dotty,74
doubt,3549
dough,1393
douse,28
dover,4288
doves,659
dowdy,121
dowel,67
dower,246
downs,5635
downy,431
dowry,578
dowse,133
doyle,4102
dozed,6
dozen,6131
dozes,0
draft,35872
drags,110
drain,2567
drake,5356
drama,73971
drank,424
drape,106
drawl,42
drawn,13209
draws,5557
dread,545
dream,16443
dregs,98
dress,5741
dried,2898
drier,683
dries,449
drift,2319
drill,2440
drily,5
drink,6481
drips,83
drive,26343
droll,69
drone,1868
drool,29
droop,173
drops,2341
dross,37
drove,3992
drown,373
drugs,11345
druid,576
drums,14627
drunk,1826
dryer,338
dryly,14
ducal,1039
ducat,85
duchy,8985
ducks,3109
ducts,519
duels,341
duets,1394
dukes,3915
dully,20
dummy,813
dumps,243
dumpy,47
dunce,35
dunes,3084
dunks,67
duped,78
duper,67
dupes,32
duple,107
dusky,1052
dusts,44
dusty,1393
dutch,76935
dwarf,6966
dwell,644
dwelt,280
dyers,138
dying,5218
dykes,668
dylan,4673
eager,891
eagle,12528
eared,171
earls,1967
early,232821
earns,519
earth,38448
eased,270
easel,180
eases,71
eaten,3673
eater,687
eaton,3003
eaves,1345
ebbed,31
ebony,834
eclat,10
edema,421
edgar,9357
edged,2233
edges,5312
edict,1060
edify,16
edith,4513
edits,897
educe,0
edwin,9818
eerie,430
egged,84
egret,242
egypt,23280
eider,255
eight,71730
eject,224
eking,18
eland,181
elate,3
elbow,1519
elder,13911
elect,8856
elegy,604
elfin,349
elias,3988
elise,1172
elite,12313
ellen,7223
elope,81
elsie,1299
elude,91
elves,749
elvis,4334
emacs,292
embed,214
ember,267
emend,11
emery,1782
emily,6853
emits,518
empty,5500
enact,588
ended,45348
endow,123
endue,0
enema,135
enemy,13539
enjoy,4345
ennui,42
enoch,1357
ensue,125
enter,13057
entry,26032
envoy,2123
epees,0
epics,658
epoch,2431
epoxy,307
epsom,1548
equal,14997
equip,556
erase,341
erect,3819
ernst,9149
erode,910
erred,64
errol,980
error,7134
erupt,168
esker,102
essay,5224
ester,2193
estop,4
ethel,2595
ether,1343
ethic,693
ethos,780
evade,491
evens,138
event,144292
every,68413
evict,139
evils,383
evoke,630
ewers,110
exact,8041
exalt,46
exams,1656
excel,1344
exert,614
exile,8293
exist,19182
exits,1289
expel,522
extol,82
extra,11668
exude,69
exult,15
exxon,437
faber,1738
fable,840
faced,10540
faces,7873
facet,434
facts,3940
faddy,6
faded,1353
fades,371
fagot,44
fails,1589
faint,2404
fairs,1975
fairy,6001
faith,15249
faked,228
faker,95
fakes,140
fakir,285
falls,33842
famed,3934
fancy,1588
fangs,223
fanny,2172
farad,32
farce,813
fared,764
fares,846
farms,8299
faros,34
fasts,87
fatal,3738
fated,102
fates,501
fatty,2637
fault,5376
fauna,4639
faust,1349
favor,7313
fawns,27
faxed,22
faxes,76
fears,1823
feast,5176
feats,654
fecal,358
feces,787
feeds,4467
feels,2049
feign,48
feint,80
fells,781
felon,282
femur,531
fence,2751
fends,6
feral,1176
fermi,662
ferns,2053
ferry,15364
fetal,1115
fetch,429
feted,52
fetes,43
fetid,49
fetus,899
feuds,403
fever,5930
fewer,5740
fiats,28
fiber,4265
field,131772
fiend,298
fiery,839
fifes,31
fifth,58344
fifty,7702
fight,20256
filch,7
filed,6517
filer,90
files,8595
filet,87
fills,940
filly,1145
films,109308
filmy,52
filth,369
final,182705
finch,3184
finds,6280
fined,1286
finer,681
fines,1051
fired,8163
fires,4047
firms,6217
first,1033698
firth,2071
fishy,77
fists,292
fitch,1081
fitly,5
fives,293
fixed,11680
fixer,229
fixes,361
fizzy,71
fjord,3998
flags,4501
flail,112
flair,738
flake,516
flaky,170
flame,3669
flank,2643
flaps,458
flare,722
flash,7173
flask,308
flats,3733
flaws,762
flays,3
fleas,276
fleck,560
flees,220
fleet,23194
flesh,3124
flick,616
flier,176
flies,9834
fling,231
flint,3894
flips,198
flirt,221
flits,14
float,1642
flock,1081
floes,57
flogs,2
flood,9108
floor,23077
flops,137
flora,8272
floss,256
flour,3776
flout,14
flown,3058
flows,31514
flues,31
fluff,134
fluid,8132
fluke,387
flung,144
flunk,24
fluor,88
flush,777
flute,4525
flyer,1116
foals,335
foams,170
foamy,73
focal,3005
focus,29670
fogey,9
foggy,394
foils,164
foist,11
folds,1373
folio,929
folks,677
folly,1191
fonts,1203
foods,7272
fools,1488
foray,691
force,97308
fords,323
forge,2516
forgo,197
forks,2726
forms,50225
forte,1232
forth,4867
forts,2736
forty,7093
forum,13902
fouls,194
found,269828
fount,65
fours,1471
fowls,36
foxed,13
foxes,1206
foyer,374
frail,253
frame,18839
franc,907
frank,48470
fraud,5783
frays,30
freak,1393
freda,604
freed,2657
frees,237
freon,74
fresh,10355
frets,225
freud,1362
friar,1574
fried,3003
fries,971
frill,96
frisk,211
frizz,14
frock,119
frogs,4324
frond,200
front,54174
frost,4361
froth,115
frown,37
froze,185
fruit,17730
frump,8
fudge,444
fuels,1814
fugal,49
fugue,674
fully,20051
fumed,28
fumes,252
funds,15187
fungi,8279
funks,11
funky,1279
funny,2940
furor,95
furry,559
furze,112
fused,1707
fuses,536
fussy,37
fusty,0
futon,56
fuzzy,1301
gable,6165
gabon,4271
gaffe,45
gages,41
gaily,39
gains,2886
gaits,102
galas,207
gales,246
galls,444
games,246232
gamin,33
gamma,5090
gamut,324
gangs,1638
gaped,0
gapes,40
gases,2734
gasps,16
gassy,28
gated,713
gates,7940
gaudy,101
gauge,8931
gaunt,476
gauss,519
gauze,146
gauzy,14
gavel,78
gavin,3422
gawks,0
gawky,3
gazed,25
gazer,120
gazes,69
gazon,26
gears,1076
geese,1133
genes,7336
genet,387
genie,1871
genii,85
genoa,4098
genre,17599
genus,164973
geoff,3592
germs,226
getup,30
ghana,14283
ghent,2325
ghost,12730
ghoul,354
giant,16821
gibed,0
gibes,3
giddy,113
gifts,3011
gilds,8
gills,1225
gipsy,405
girds,0
girls,35823
giros,18
girth,294
given,110046
giver,226
gives,16736
gizmo,72
glace,299
glade,515
gland,1677
glare,240
glass,21507
glaze,547
gleam,71
glean,62
glens,695
glide,806
glint,45
gloat,8
globe,12199
gloms,0
gloom,243
glory,6237
gloss,529
glove,1254
glows,94
glued,317
glues,63
gluey,23
gluts,8
gnarl,3
gnash,27
gnats,172
gnaws,11
gnome,1089
goads,9
goals,33491
goats,1795
godly,142
gofer,34
going,24694
golly,59
gonad,55
goner,33
gongs,162
goods,16055
goody,264
goofs,18
goofy,405
goose,3104
gored,50
gores,131
gorge,4820
gorse,250
gouda,405
gouge,119
gourd,528
gouty,21
gowns,366
grabs,235
grace,12701
grade,40272
graft,539
grail,707
grain,6901
grams,1508
grand,98206
grant,26619
grape,4908
graph,7702
grasp,592
grass,13010
grate,166
grave,7355
gravy,518
grays,1345
graze,325
great,139490
grebe,294
greed,809
greek,100904
green,80133
greet,349
grids,552
grief,1168
grieg,426
grill,1433
grime,597
grimy,44
grind,733
grins,14
gripe,49
grips,415
grist,991
grits,206
groan,70
groat,112
groin,367
groom,1218
grope,19
gross,6987
group,319107
grout,220
grove,14195
growl,123
grown,13084
grows,17925
grubs,84
gruel,82
gruff,184
grump,26
grunt,274
guano,366
guard,29016
guava,308
guess,1397
guest,24984
guide,18001
guild,8825
guile,116
guilt,1322
guise,1247
gulfs,63
gulls,674
gully,1135
gulps,6
gumbo,206
gummy,149
gunny,31
guppy,228
gurus,499
gushy,5
gusto,184
gusts,275
gusty,181
gutsy,54
gypsy,2238
gyros,54
habet,22
habit,2576
hacks,258
hades,518
hague,4699
haifa,2343
haiku,581
hails,1196
hairs,2848
hairy,3914
haiti,6461
haley,1440
halls,4690
halos,197
halts,277
halve,74
hammy,57
hands,15966
handy,841
hangs,982
hanks,735
hanky,70
hanna,3105
hanoi,2130
hanse,66
haply,2
happy,10758
hardy,6370
harem,703
hares,300
harks,39
harms,514
harps,581
harpy,117
harry,30760
harsh,2968
harts,175
hasps,0
haste,286
hasty,344
hatch,2720
hated,671
hater,109
hates,412
haugh,102
hauls,810
haunt,541
hausa,618
haven,8781
haver,127
havoc,775
hawks,6183
hawse,9
haydn,1744
hayed,2
hazel,2397
hazes,37
heads,16140
heady,138
heals,145
heaps,366
heard,13975
hears,623
heart,44923
heath,8879
heats,4185
heave,92
heavy,33750
hedge,1973
heeds,8
heels,2175
hefty,177
heinz,3463
heirs,2544
heist,773
helen,11908
helix,1286
hello,3387
helms,1054
helot,18
helps,6297
hence,12520
henry,91799
herbs,2214
herds,645
heron,1846
hertz,809
hewed,15
hewer,64
hides,770
highs,650
hiked,121
hiker,154
hikes,331
hills,37268
hilly,2010
hilts,37
hindi,15701
hinds,736
hindu,13616
hinge,495
hints,698
hippy,181
hired,11955
hirer,10
hires,469
hitch,788
hived,27
hives,286
hoard,954
hoary,251
hobby,2189
hocks,34
hoist,429
holds,33248
holed,196
holes,5489
holly,4329
holst,533
homed,21
homer,3989
homes,16810
honda,5913
honey,5639
honks,7
honor,34292
hooch,208
hoods,506
hooey,17
hoofs,33
hooks,1218
hooky,52
hoops,577
hoots,62
hoped,2864
hopes,3305
horde,894
horns,2689
horny,217
horse,35857
hosea,316
hosed,17
hoses,200
hosts,18968
hotch,22
hotel,47979
hotly,295
hound,1361
hours,30568
house,336189
hovel,27
hover,302
howdy,179
howls,38
hubby,27
huffs,4
huffy,15
hulks,77
hulls,583
human,82756
humid,1663
humor,4453
humps,103
humpy,59
humus,188
hunch,71
hunts,762
hurls,14
huron,3137
hurry,514
hurts,746
husks,94
husky,745
hussy,44
hutch,493
hydra,1039
hydro,2265
hyena,258
hymen,134
hymns,2893
hyped,77
hyper,629
hypes,4
hyrax,87
ibsen,644
icily,2
icing,429
icons,2397
idaho,16089
ideal,6219
ideas,14698
idiom,887
idiot,725
idled,36
idler,128
idles,48
idols,1435
idyll,135
igloo,174
iliad,859
image,24552
imago,217
imams,402
imbed,0
imbue,34
impel,36
imply,1315
inane,26
inapt,3
incur,231
index,18184
india,178543
indus,1711
inept,246
inert,566
infer,413
infra,147
ingot,71
inked,261
inlay,227
inlet,5927
inner,19349
input,7491
inset,211
inter,4352
inure,4
ionic,1810
iraqi,9674
irate,57
irene,4086
irish,85280
irked,19
irons,751
irony,684
isaac,11074
islam,12230
isles,5207
islet,2107
issue,30175
italy,75680
itchy,230
items,13423
ivory,7163
jacks,836
jacob,15669
jaded,145
jades,36
jaffa,842
jails,487
james,157866
jamey,232
janet,5413
janus,982
japan,124684
jason,15617
jaunt,48
jawed,131
jazzy,484
jeans,1213
jeeps,157
jeers,17
jelly,1366
jenny,4266
jerks,187
jerky,236
jerry,12878
jesse,7030
jests,24
jesus,20747
jetty,700
jewel,2598
jewry,524
jibed,4
jibes,14
jiffy,60
jilts,5
jimmy,16907
jived,0
jives,4
joins,6224
joint,31292
joist,47
joked,193
joker,928
jokes,1596
jolly,1359
jolts,20
jones,42824
joule,252
jours,210
joust,104
jowls,15
jowly,2
joyce,4968
judas,1240
judea,549
judge,42608
juice,3382
juicy,675
julia,8640
julie,6464
julys,0
jumbo,814
jumps,1213
jumpy,38
junes,24
junks,42
junta,1921
juror,351
kabul,2597
kafka,687
kaman,202
kapok,60
kaput,36
karat,147
karen,7134
karma,1531
kathy,2449
katie,2867
kayak,1093
kbyte,8
kebab,290
keels,161
keeps,2389
keith,14609
kelly,16855
kenya,17241
ketch,285
kevin,20957
keyed,177
khaki,234
kicks,1457
kills,2250
kilns,560
kilos,137
kilts,55
kinds,5434
kings,21760
kinks,712
kinky,257
kiosk,541
kited,3
kites,555
kitty,2038
kiwis,157
klieg,10
knack,339
knave,125
knead,10
kneed,9
kneel,138
knees,970
knell,102
knelt,40
knife,3513
knits,50
knobs,362
knock,1889
knoll,1313
knots,2343
known,742591
knows,2934
knurl,5
koala,383
kodak,1237
koran,247
korea,45442
kraal,73
kraft,1521
kraut,104
krone,343
kudos,138
kyoto,4679
label,64789
labor,28698
laced,267
lacer,9
laces,151
lacks,2916
laden,1223
ladle,99
lager,783
lagos,4141
lairs,13
laity,435
lakes,22229
lambs,510
lamps,1619
lance,3689
lands,17226
lanes,3892
lanky,81
lapel,159
lapse,401
larch,450
lards,2
large,140389
larks,186
larry,12918
larva,1791
laser,6360
lasso,331
lasts,2304
latch,203
later,330805
latex,893
lathe,516
laths,21
latin,59906
lauds,60
laugh,1404
laura,10269
lawns,553
laxly,2
layer,9624
layup,60
lazed,0
lazes,4
leads,11811
leafs,2340
leafy,689
leaks,586
leaky,206
leans,240
leant,18
leaps,265
leapt,114
learn,7638
lease,4466
leash,199
least,55298
leave,16401
ledge,807
leech,931
leeds,12254
leeks,106
leers,38
leery,21
lefty,644
legal,46410
leges,102
leggy,21
leigh,5162
lemon,3203
lemur,987
lends,683
lenin,2086
lento,159
leper,305
letup,0
levee,543
level,102587
lever,1778
lhasa,805
liars,635
libel,1021
libra,337
libya,5621
licks,292
liege,481
liens,108
lifer,28
lifts,1575
light,81303
liked,1728
liken,48
likes,2959
lilac,837
lilly,1559
lilts,2
limbo,467
limbs,1600
limed,4
limes,423
limey,43
limit,11471
limps,2
linda,7881
lined,3029
linen,1100
liner,4237
lines,39724
lingo,268
links,13181
lions,14827
lipid,1202
lisps,19
lists,23973
liszt,1239
liter,431
lithe,33
lived,49123
liven,29
liver,4707
lives,43494
livid,64
llama,306
loads,1730
loafs,6
loamy,201
loans,4101
loath,31
lobby,2571
lobes,1918
local,182670
lochs,358
locks,2525
locum,124
locus,1613
lodge,11022
lofts,415
lofty,664
logic,8957
logos,1319
loins,40
loire,2692
lolls,2
loner,176
longs,217
looks,5117
looms,333
loony,74
loops,2087
loopy,52
loose,5797
loots,49
loped,0
lopes,1535
loral,120
loran,165
lords,8526
lorry,480
loser,1628
loses,1542
lotus,4381
louis,62286
louse,316
lousy,58
louts,11
loved,4126
lover,5692
loves,3125
lower,72230
lowly,333
loyal,4228
lucas,9053
lucid,423
lucks,28
lucky,5031
lucre,35
ludic,47
lulls,15
lumen,488
lumps,205
lumpy,148
lunar,7937
lunch,3527
lunge,70
lungs,1595
lupin,680
lurch,74
lured,475
lures,229
lurid,144
lurks,61
lusts,17
lusty,101
lutes,224
luzon,2257
lying,8759
lymph,1076
lynch,5356
lyons,3550
lyric,3711
macao,688
macaw,275
maced,5
maces,62
macho,450
macro,1084
madam,891
madly,174
mafia,3503
magic,17994
magna,2456
maids,499
mails,125
maims,0
maine,24151
mains,698
maize,2182
major,199259
maker,7576
makes,25299
malay,7032
males,13413
malls,1820
malta,9371
malts,102
malty,23
malum,50
mamas,251
mambo,636
mamma,468
mammy,124
manes,172
mange,90
mango,1759
mangy,22
mania,1099
manic,636
manly,1295
manna,422
manor,15082
manse,353
maori,1478
maple,6974
march,340792
marco,8333
mares,1000
maria,39755
marie,19728
mario,11657
marks,13979
marry,3867
marsh,8955
marts,69
maser,118
masks,1534
mason,10907
massy,303
masts,879
match,67407
mated,280
mater,2948
mates,1360
maths,795
matte,531
matzo,64
mauls,14
mauve,419
maxim,2530
maybe,1906
mayor,53573
mazes,184
meals,1939
mealy,140
means,54037
meant,12527
meats,771
meaty,93
mecca,1939
medal,108310
media,96011
medic,436
meets,8414
melba,421
melon,891
melts,443
memos,183
mends,48
mente,67
menus,554
meows,8
mercy,4519
merge,3257
merit,8413
merry,2181
messy,294
metal,48937
meted,77
meter,6388
meths,2
metro,34171
mewed,0
mezzo,210
miami,21321
micah,646
micro,2984
midas,548
midge,703
midst,1691
miens,6
miffs,0
might,19886
milan,17295
miles,123334
milks,51
milky,1961
milli,499
mills,16521
mimed,52
mimer,12
mimes,58
mimic,1365
mince,105
minds,2766
mined,1787
miner,2717
mines,11974
minim,80
minks,47
minor,60403
mints,394
minty,144
minus,1710
mirth,130
miser,162
missy,770
mists,206
misty,756
miter,451
mites,1376
mixed,38484
mixer,1145
mixes,2232
mixup,38
moans,53
moats,165
mobil,587
mocha,231
mocks,137
modal,859
model,74721
modem,841
modes,3884
modus,360
mogul,762
moist,12866
molar,1223
molds,476
moldy,66
moles,469
molls,8
molly,2975
molts,17
momma,132
mommy,285
monet,513
money,34696
monks,4702
month,24272
mooch,19
moods,620
moody,3159
mooed,2
moons,1086
moors,1821
moose,3093
moots,34
moped,190
mopes,6
moral,7661
moray,2481
mores,349
moron,203
morse,2849
moses,6531
mossy,333
motel,1254
motes,29
motet,353
moths,14648
motif,3487
motor,26129
motto,5233
mound,4681
mount,60413
mourn,174
mouse,9170
mousy,29
mouth,17062
moved,102373
mover,833
moves,6860
movie,52919
mowed,40
mower,433
mucks,4
mucky,71
mucus,443
muddy,1785
muffs,40
mufti,674
muggy,16
mulch,131
mules,535
mulls,7
multi,1893
mummy,1048
mumps,192
munch,533
mural,2404
murky,169
mused,21
muses,545
mushy,34
music,353576
musky,98
musts,9
musty,40
muted,324
mutes,42
muzak,58
mynah,41
myrrh,213
myths,2270
nabob,61
nadir,598
nails,1563
naive,695
naked,5982
named,253942
names,65569
nancy,9119
nanny,705
napes,43
nappy,141
nasal,1832
nasty,934
natal,2573
natty,125
naval,38766
navel,288
naves,226
nazis,2920
nears,104
necks,490
needs,16339
needy,652
negro,5647
nehru,1885
neigh,15
nepal,26095
nerve,5562
nervy,23
nests,1837
never,59246
nevil,211
newer,4447
newly,19847
newsy,29
newts,229
nicer,72
niche,2008
nicks,571
niece,2468
nifty,127
nigel,4374
niger,5124
night,56379
nines,312
ninny,10
ninth,19801
nippy,25
niter,49
nitro,834
nixon,4431
nobel,8068
noble,14036
nobly,35
nodal,395
nodes,3287
noise,8797
noisy,795
nomad,714
nooks,46
noose,202
norms,1946
norse,4747
north,448580
nosed,94
noses,239
nosey,34
notae,18
notch,1373
noted,50657
notes,15466
nouns,898
novae,353
novel,104740
nudes,395
nudge,58
numbs,3
nurse,5961
nutty,329
nylon,855
nymph,966
oakum,15
oases,193
oasis,2470
oaths,386
obese,381
obeys,108
oboes,426
occur,18075
ocean,39162
ochre,531
octal,63
octet,340
odder,82
oddly,326
odium,51
offal,169
offer,15877
often,142319
ogled,5
ogles,21
ogres,86
ohmic,49
oiled,90
oiler,572
okapi,106
olden,294
older,27282
oldie,73
olive,5937
omaha,5473
omega,4227
omens,177
omits,386
onion,2408
onset,2502
oozed,14
oozes,45
opens,3567
opera,51886
opine,54
opium,1474
opted,2021
optic,1417
orals,2
orate,11
orbed,6
orbit,8999
order,128558
organ,12719
orion,2342
osaka,6766
oscar,12417
osier,57
other,510524
otter,2272
ought,868
ounce,397
ousts,4
outdo,51
outer,14622
outre,13
ouzel,48
ovals,197
ovary,569
ovate,568
ovens,827
overs,4192
overt,532
ovine,51
ovoid,440
owing,3927
owlet,644
owned,98048
owner,30915
oxide,3301
oxlip,28
ozone,1055
paced,249
pacer,331
paces,184
packs,1203
pacts,122
paddy,3235
padre,1048
pagan,2935
paged,39
pages,10164
pails,41
pains,773
paint,6601
pairs,8547
paled,24
paler,1806
pales,84
palls,2
palms,1722
palsy,1115
panda,1686
panel,12298
panes,261
pangs,44
panic,2936
pansy,330
pants,1398
panty,100
papal,5115
paper,31443
papua,11748
parch,17
pared,107
paris,69988
parka,140
parks,19258
parry,2362
parse,220
parts,64339
party,266614
parva,902
pasta,1072
paste,1732
pasty,88
patch,5532
paten,46
pater,328
paths,3806
patio,478
patna,1981
patsy,1156
patty,1772
paula,4135
pause,725
paved,3748
paves,40
pawed,2
pawns,299
payee,66
payer,203
peace,34572
peach,2300
peaks,8467
peaky,45
peals,23
pearl,8466
pears,660
peaty,124
pecan,399
pecks,52
pedal,1429
peeks,32
peels,115
peeps,67
peers,3376
peeve,14
pelts,127
penal,2157
pence,969
pends,0
penis,1132
penny,3717
peony,278
peppy,93
pepsi,1134
perch,1454
peril,610
perks,238
perky,95
perms,5
perth,13082
pesky,64
pests,1014
petal,388
peter,80313
petro,859
petty,2995
pewee,133
phase,18851
phial,12
phone,10644
phony,155
photo,7183
phyla,328
piano,24158
picks,2652
piece,20063
piers,2674
piety,774
piggy,277
pigmy,144
piker,17
pikes,522
pilaf,46
piled,218
piles,692
pills,676
pilot,21018
pimps,176
pinch,1385
pined,11
pines,2284
pings,24
pinks,94
pints,138
pinup,53
pious,1208
piped,255
piper,3119
pipes,2640
pique,158
piste,99
pitch,7940
pithy,82
piton,143
pitta,320
pivot,873
pixel,1380
pixie,398
pizza,3007
place,225174
plaid,786
plain,14485
plait,54
plane,11769
plank,996
plans,21497
plant,88729
plate,11950
plato,1379
plays,141603
plaza,11332
plead,332
pleas,1361
pleat,26
plebs,278
plied,174
plies,171
pliny,1237
plods,4
plops,3
plots,2270
ploys,24
pluck,149
plugs,481
plumb,403
plume,1223
plump,212
plums,250
plumy,0
plunk,38
plush,363
pluto,1083
poach,22
podia,19
poems,15916
poets,8361
point,101728
poise,95
poked,77
poker,6827
pokes,129
polar,6096
poled,32
poles,4229
polio,668
polka,974
polls,3507
polyp,179
ponds,3633
pooch,98
pools,4438
poona,260
popes,896
poppy,1366
porch,6105
pored,61
pores,681
porgy,337
porno,456
ports,6847
posed,1934
poser,85
poses,958
posit,113
posse,1023
posts,7641
potty,112
pouch,685
pound,3662
pours,122
pouts,4
power,115308
prams,31
prank,641
prawn,439
prays,234
preen,62
press,53101
preys,211
price,23091
prick,141
pride,7454
pried,6
pries,42
prime,46249
print,15146
prior,61125
prism,1618
privy,3643
prize,58187
probe,2414
prods,37
prone,2555
prong,292
proof,5621
props,785
prose,4985
proud,2540
prove,4487
provo,978
prowl,75
prows,20
proxy,1246
prude,34
prune,126
psalm,1848
psion,141
psych,310
pucks,41
pudgy,74
puffs,194
puffy,279
puked,2
pukes,2
pulls,500
pulps,108
pulpy,24
pulse,2960
pumps,1706
punch,2922
punic,675
punks,370
punts,237
pupae,206
pupil,4782
puppy,881
puree,47
purer,63
purge,1319
purls,6
purrs,9
purse,2467
pushy,23
pussy,493
putts,42
putty,193
pygmy,1892
pylon,424
pyres,22
qatar,7042
qjump,4
quack,272
quads,125
quaff,2
quail,861
quake,871
quaky,0
qualm,3
quark,764
quart,174
quash,66
quasi,324
quays,369
queen,47376
queer,2179
quell,343
query,1390
quest,6292
queue,859
quick,5568
quiet,4541
quiff,14
quill,722
quilt,494
quips,55
quire,76
quirk,353
quite,12620
quito,1684
quits,260
quoit,51
quota,1804
quote,1889
rabat,1061
rabbi,11330
rabid,159
raced,5003
racer,8857
races,24999
racks,489
radar,8628
radii,338
radio,156376
radix,299
radon,287
rafts,323
raged,199
rages,61
raids,3223
rails,1846
rains,2074
rainy,2087
raise,9146
rajah,653
raked,136
rakes,144
rally,12260
ralph,14426
ramps,804
ranch,8475
randy,5489
range,92838
rangy,21
ranks,12514
rants,116
raped,992
rapes,335
rapid,15800
rarer,555
rasps,10
rated,9539
rates,9301
ratio,11287
raved,28
ravel,509
raven,2979
raver,85
raves,132
rayed,52
rayon,5736
razed,916
razes,11
razor,1030
reach,27252
react,1277
reads,3265
ready,6796
realm,4805
reams,84
reaps,23
rears,35
rebel,7110
rebus,270
rebut,53
recap,263
recur,187
reeds,767
reedy,409
reefs,2841
reeks,73
reels,579
refer,42520
refit,548
regal,1302
reign,19627
reins,536
relax,587
relay,20860
relic,967
remit,578
renal,1664
rends,3
renee,1093
renew,1266
rents,703
repay,484
repel,409
reply,1250
rerun,342
resat,15
reset,711
resin,1449
resit,22
rests,1929
retch,10
retry,56
reuse,1077
revel,330
revue,2770
rhine,4953
rhino,1444
rhode,12050
rhone,430
rhyme,1705
rices,57
ricky,4045
rider,10730
rides,5066
ridge,25284
rifer,3
rifle,13765
rifts,150
right,69824
rigid,2284
rigor,383
rinds,49
rings,6850
rinks,293
rinse,163
riots,4266
ripen,180
risen,1733
riser,300
rises,8821
risks,3118
risky,660
rites,2064
rival,10018
riven,106
river,347922
rivet,198
riyal,30
roach,2083
roads,20840
roams,71
roars,70
roast,599
robed,34
robes,569
robin,13835
robot,5580
rocks,15000
rocky,15655
rodeo,2170
roger,20667
rogue,2235
roles,52091
rolls,2501
roman,93793
romeo,4151
romps,11
roofs,1829
rooks,273
rooms,11963
roomy,43
roost,517
roots,14186
roped,121
ropes,993
roses,4448
rotor,1439
rouen,1563
rouge,4965
rough,8041
round,90666
rouse,1050
route,111546
routs,19
roved,12
rover,3036
roves,3
rowan,2201
rowdy,476
rowed,676
rower,11787
royal,140803
rucks,15
ruddy,374
ruder,67
ruffs,33
rugby,95075
ruing,16
ruins,8475
ruled,16688
ruler,11434
rules,43490
rumba,450
rummy,177
rumor,511
rumps,23
runes,338
rungs,55
runic,711
runny,57
rupee,369
rural,134421
ruses,33
rusks,12
rusts,55
rusty,1658
rutty,14
saber,762
sable,924
sabot,114
sacci,2
sacks,1059
sadly,324
safer,1289
safes,82
sagas,637
sages,546
sails,1339
saint,74366
sakes,15
salad,1510
sales,26799
salic,93
sally,4619
salon,3413
salts,1648
salty,837
salve,300
salvo,568
samba,1429
samoa,6322
sands,3906
sandy,11394
saner,27
santa,47207
sappy,53
sarah,17013
saris,113
satan,1373
sated,11
sates,12
satin,602
sauce,3813
saucy,112
saudi,14041
sauna,359
saute,11
saved,5118
saver,197
saves,2080
savor,30
savoy,3330
savvy,257
sawed,52
saxon,4098
scabs,41
scald,45
scale,19671
scalp,521
scaly,459
scamp,117
scams,264
scans,517
scant,283
scare,839
scarf,411
scars,814
scary,787
scene,24046
scent,1078
scion,723
scire,22
scoff,17
scold,22
scone,330
scoop,661
scoot,83
scope,5589
score,36399
scorn,201
scots,4870
scott,40120
scour,108
scout,10531
scowl,16
scows,19
scram,49
scrap,2433
screw,2572
scrip,131
scrub,2592
scrum,528
scuba,1102
scuff,13
scull,484
scurf,15
seals,3023
seams,380
seamy,8
sears,2538
seato,32
seats,31630
sects,753
sedan,2233
seder,294
seeds,8697
seedy,147
seeks,5366
seems,9027
seeps,235
seers,101
seine,1470
seize,1451
sells,4105
semen,604
sends,1673
sense,17109
seoul,9886
sepal,98
sepia,475
serfs,304
serge,2225
serif,423
serum,1063
serve,35195
servo,258
setup,1466
seven,83771
sever,429
sewed,87
sewer,1046
sexed,15
sexes,1867
shack,851
shade,3304
shady,1423
shaft,3309
shake,2214
shaky,232
shall,6285
shame,1471
shams,771
shane,4495
shank,456
shape,19531
shard,182
share,23135
shark,4776
sharp,9611
shave,388
shawl,274
sheaf,562
shear,1801
sheds,949
sheen,1108
sheep,8548
sheer,1143
sheet,6644
sheik,518
shelf,3538
shell,11070
shied,38
shier,43
shies,11
shift,7560
shine,2810
shins,164
shiny,1467
ships,33589
shire,8688
shirk,121
shirt,2010
shoal,1059
shock,5624
shoes,4083
shone,234
shook,639
shoot,4403
shops,9819
shore,22279
shorn,138
short,109235
shots,4335
shout,1181
shove,183
shown,27545
shows,53248
showy,687
shred,154
shrew,2502
shrub,9523
shrug,40
shuns,15
shunt,340
shuts,96
shyer,42
shyly,13
sibyl,372
sided,1592
sides,20703
sidle,26
siege,14075
sieve,414
sifts,13
sighs,117
sight,4556
sigma,5165
signs,8304
sikhs,1182
silks,216
silky,750
sills,525
silly,956
silos,507
silts,78
silty,177
simon,26147
sinai,2285
since,345466
sinew,47
singe,103
singh,22563
sings,5212
sinks,481
sinus,1177
sioux,3961
sired,864
siren,920
sires,213
sisal,113
sissy,231
sited,1520
sites,30612
sixes,472
sixth,42833
sixty,3251
sized,2024
sizes,4426
skate,2793
skeet,844
skein,87
skews,20
skids,148
skied,158
skier,9582
skies,1891
skiff,270
skill,4825
skimp,8
skims,19
skins,1322
skips,243
skirt,900
skits,489
skive,100
skulk,13
skull,4930
skunk,653
slabs,659
slack,736
slags,37
slain,1359
slake,15
slams,421
slang,2534
slant,449
slaps,46
slash,1130
slate,3715
slats,152
slave,8751
slays,52
sleds,111
sleek,217
sleep,6482
sleet,93
slept,477
slice,1012
slick,927
slide,3196
slime,608
slims,1208
slimy,189
sling,446
slink,27
slips,550
slits,321
slogs,0
sloop,2242
slope,6401
slops,7
slosh,32
sloth,448
slots,1337
slows,233
slugs,1093
slump,470
slums,561
slung,85
slunk,10
slurp,5
slurs,130
slush,182
sluts,56
slyer,0
slyly,25
smack,255
small,196056
smart,7233
smash,2372
smear,319
smell,2028
smelt,320
smile,2988
smirk,16
smite,71
smith,60888
smock,395
smoke,4492
smoky,1646
smote,28
snack,1713
snags,58
snail,26767
snake,10432
snaky,16
snaps,247
snare,564
snark,170
snarl,31
sneak,522
sneer,34
snick,37
snide,53
sniff,112
snipe,694
snips,33
snobs,47
snood,28
snoop,1109
snore,20
snort,51
snout,4791
snows,309
snowy,1504
snubs,11
snuff,449
soaks,27
soaps,425
soapy,88
soars,50
sober,608
socks,1026
sofas,81
sofia,8267
soggy,61
soils,5149
solar,20740
soles,425
solet,13
solid,13017
solos,1165
solve,3934
somme,2178
sonar,917
songs,103320
sonic,3855
sonny,3390
sooty,567
soppy,2
sorer,0
sores,181
sorry,1438
sorts,1368
souls,3447
sound,56497
soups,514
soupy,75
sours,40
souse,12
south,554390
sowed,55
sower,78
space,74381
spade,594
spain,74681
spank,129
spans,6513
spare,2682
spark,2087
spars,189
spasm,217
spate,219
spats,83
spawn,809
speak,9853
spear,1828
speck,416
speed,32373
spell,6180
spelt,2847
spend,4739
spent,50283
sperm,1587
spews,15
spice,2238
spicy,979
spied,126
spies,1534
spike,3540
spiky,129
spill,1649
spilt,81
spine,2260
spins,635
spiny,1965
spire,1621
spite,3111
spits,131
splay,73
split,28787
spoil,364
spoke,5050
spoof,806
spook,226
spool,156
spoon,1242
spoor,93
spore,635
sport,42041
spots,9204
spout,225
sprat,136
spray,1576
spree,999
sprig,83
spuds,50
spunk,77
spurn,44
spurs,2250
spurt,97
squab,37
squad,19516
squat,692
squaw,587
squib,61
squid,1540
stabs,84
stack,3148
staff,43716
stage,79269
stags,555
staid,59
stain,1138
stair,723
stake,4452
stale,174
stalk,928
stall,774
stamp,4731
stand,16177
stank,34
stare,1549
stark,3035
stars,67332
start,35901
stary,1325
stash,185
state,592508
stave,719
stays,1507
stead,670
steak,867
steal,1719
steam,16120
steed,264
steel,25601
steep,6243
steer,903
stele,755
stems,6441
steps,7974
stern,4337
steve,33254
stews,169
stick,4774
sties,7
stiff,1854
stile,191
still,100278
stilt,222
sting,2219
stink,481
stint,4826
stirs,61
stoat,45
stock,26980
stoic,392
stoke,4785
stole,1275
stomp,465
stone,49677
stony,3987
stood,16391
stool,528
stoop,206
stops,4435
store,32233
stork,693
storm,22393
story,98557
stout,1770
stove,850
stows,8
strap,669
straw,1866
stray,1083
strew,7
strip,13312
strop,38
strum,115
strut,322
stubs,94
stuck,2097
studs,326
study,61212
stuff,2178
stump,923
stung,206
stunk,4
stuns,13
stunt,2256
style,85669
styli,13
suave,226
sucks,354
sudan,10330
suede,353
sugar,15323
suing,224
suite,6918
suits,1960
sulfa,29
sulks,4
sulky,39
sully,587
sunny,3212
sunup,17
super,49001
supra,263
surge,1662
surly,71
susan,11090
sushi,598
swabs,69
swain,827
swamp,4637
swank,232
swans,1722
swaps,353
swarm,965
swath,282
swats,11
sways,25
swear,606
sweat,1650
swede,536
sweep,1930
sweet,14218
swell,669
swelt,0
swept,2849
swift,5881
swill,47
swims,253
swine,775
swing,6578
swipe,127
swirl,193
swish,148
swiss,32282
swoon,97
swoop,119
swops,0
sword,7354
swore,442
sworn,4390
swung,304
sylph,173
synod,3704
syria,14200
syrup,1260
tabby,225
table,26668
taboo,928
tacit,239
tacks,88
tacky,85
tacts,3
taffy,229
taiga,543
tails,1596
taint,119
taken,55013
taker,339
takes,35356
talas,268
tales,11745
talks,4940
talky,15
tally,2630
talon,398
tamed,149
tamer,415
tames,30
tamil,37556
tampa,9042
tamps,8
tango,2751
tangs,27
tangy,108
tanks,5027
tansy,94
taped,1022
taper,338
tapes,2999
tapir,176
tardy,126
tarns,78
tarry,110
tarts,76
tasks,5683
taste,5922
tasty,372
tatty,21
taunt,100
tawny,657
taxed,401
taxes,5595
taxis,975
teach,6494
teals,39
teams,107103
tears,3651
tease,211
teats,40
teddy,2975
teems,28
teens,2523
teeny,70
teeth,6327
telex,141
tells,11188
tempo,2119
temps,760
tempt,64
tench,227
tends,2957
tenet,308
tenor,5735
tense,1302
tenth,14821
tents,880
tepid,78
terms,44906
terns,272
terra,3718
terry,12723
terse,125
tests,12517
testy,16
texan,740
texas,104643
texts,10820
thane,1072
thank,1859
thaws,38
theca,72
theft,3314
their,655785
theme,27875
there,343668
these,215479
theta,2760
thick,7335
thief,2497
thigh,653
thing,9137
think,11424
third,179643
thong,719
thorn,1833
those,100339
three,355818
threw,6355
throb,78
throe,3
throw,10640
thuds,6
thugs,375
thumb,1998
thump,107
thyme,350
tiara,362
tiber,457
tibet,6291
tibia,466
ticks,408
tidal,3855
tides,1424
tiers,1019
tiffs,6
tiger,10207
tight,4727
tilde,294
tiled,442
tiler,37
tiles,1957
tills,46
tilth,34
tilts,110
timed,877
timer,529
times,133215
timex,189
timid,236
timor,3528
tinge,769
tinny,41
tints,114
tipsy,94
tired,1245
tires,1346
titan,2331
tithe,405
title,180980
titus,2298
toads,587
toady,13
toast,800
today,68718
toddy,126
toils,25
token,1055
tokyo,25960
tolls,735
tombs,2656
tomes,127
tommy,10835
tonal,892
toned,202
toner,282
tones,2122
tonga,3889
tongs,155
tonic,906
tools,14108
tooth,3588
toots,272
topaz,381
topic,6154
topsy,171
torah,2513
torch,2144
torso,715
torus,659
tosco,39
total,115817
toted,2
totem,580
totes,64
touch,8283
tough,3329
tours,13356
touts,59
towed,1225
towel,282
tower,46919
towns,31059
toxic,4108
toxin,1066
toyed,34
trace,5533
track,90294
tract,4680
tracy,4632
trade,62745
trail,32438
train,42247
trait,1569
tramp,658
trams,2170
traps,1076
trash,1459
trawl,147
trays,201
tread,340
treat,6282
trees,22450
treks,151
trend,4665
tress,87
triad,1478
trial,24568
tribe,22079
trice,185
trick,2892
tried,12640
tries,5294
trill,310
trims,98
trios,693
tripe,149
trips,4828
trite,75
troll,675
troop,3605
troth,57
trots,42
trout,5130
trove,219
truce,1207
truck,8957
truer,54
trues,6
truly,3052
trump,5717
trunk,6544
truss,2889
trust,32096
truth,10274
tryst,75
tubas,90
tubby,327
tuber,394
tubes,3293
tucks,32
tudor,4124
tufts,1939
tufty,15
tulip,1488
tulsa,4406
tummy,62
tumor,3513
tuned,1409
tuner,408
tunes,4310
tunic,335
tunis,2246
tunny,86
turbo,2242
turfs,22
turin,6620
turks,3876
turns,7266
turvy,35
tusks,226
tutee,2
tutor,2753
twain,1450
twang,195
tweak,89
tweed,1141
tweet,353
twice,31422
twigs,778
twill,80
twine,234
twins,6306
twirl,49
twist,2850
twits,13
tying,1558
tyler,7123
typed,520
types,30564
tyrol,2613
tyros,38
tyson,1785
tythe,10
tzars,4
udder,55
ukase,61
ulcer,438
ultra,3633
umber,130
unapt,0
unarm,0
unary,127
unbar,0
unbid,17
uncap,0
uncle,13125
uncut,677
under,335475
undid,14
undue,354
unfed,7
unfit,589
unify,661
union,176153
unite,2120
units,39020
unity,9209
unman,10
unpeg,0
unpin,2
unsay,12
unset,11
untie,50
until,305872
unwed,108
unzip,13
upped,45
upper,53979
upset,2987
urban,47550
urged,2009
urges,314
urine,1672
usage,9740
users,18736
usher,1695
using,85730
usual,7273
usurp,155
usury,121
uteri,34
utter,411
uvula,50
uzbek,2644
vaduz,299
vague,1417
vales,144
valet,525
valid,4987
valor,1426
value,27640
valve,4176
vamps,184
vaned,13
vanes,117
vapid,50
vapor,1528
vases,762
vault,5189
vaunt,3
veers,114
vegan,918
veils,183
veins,4277
velum,92
venal,51
vends,13
venia,42
venom,1531
vents,670
venue,17329
venus,5273
verba,85
verbs,1207
verdi,1214
verge,929
versa,1711
verse,7694
verve,1114
vests,294
vexed,55
vexes,2
vials,65
vibes,394
vicar,5226
vices,304
vicki,993
video,106796
views,16545
vigil,667
vigor,413
viler,6
villa,13590
vines,1345
vinyl,10303
viola,4280
viols,89
viper,1843
viral,3844
virgo,954
virus,9764
visas,649
visit,13263
visor,194
vista,5737
vital,5174
vitas,158
vitro,1303
vivid,1565
vixen,412
vocal,15678
vodka,1307
vogue,2365
voice,39528
voids,241
voles,191
volta,2137
volts,471
volvo,2732
vomit,210
voted,16138
voter,3622
votes,22080
vouch,21
vowed,524
vowel,2091
vulva,195
vying,274
waded,27
wader,174
wades,31
wafer,525
wafts,9
waged,731
wager,430
wages,2177
wagon,3609
wails,21
waist,1010
waits,904
waive,144
waked,34
waken,10
wakes,398
wales,88520
walks,3404
walls,16499
wally,2544
waltz,2316
wands,159
waned,540
wanes,19
wanly,10
wants,4031
wards,5365
wares,625
warms,88
warns,341
warps,49
warts,312
warty,400
washy,4
wasps,2474
waste,8909
watch,10395
water,126693
watts,6792
waved,557
waver,71
waves,7858
waxed,134
waxen,14
waxes,154
weals,4
weans,7
wears,1889
weary,363
weave,640
wedge,1552
weeds,933
weedy,204
weeks,32749
weeny,29
weeps,95
weepy,4
weigh,1124
weird,2274
weirs,230
welds,85
wells,13217
welsh,30660
welts,32
wench,47
wends,102
wetly,0
whack,65
whale,3731
wharf,2852
wheat,5577
wheel,9769
whelk,155
where,361546
whets,0
which,1220752
whiff,54
while,243441
whims,79
whine,58
whiny,9
whips,281
whirl,125
whisk,80
whist,193
white,123108
whole,26382
whoop,59
whore,315
whorl,525
whose,65717
wicks,553
widen,394
wider,9443
widow,7652
width,5711
wield,213
wilds,280
wiles,284
wills,2475
wilts,227
wimps,62
wince,30
winch,444
winds,6616
windy,1059
wined,4
wines,3959
wings,15866
winks,102
wiped,738
wiper,155
wipes,94
wired,1538
wires,1522
wised,0
wiser,186
wishy,6
wisps,22
wispy,78
witch,4915
witty,762
wives,3645
wizen,10
woken,71
wolfs,48
woman,49656
wombs,21
women,87576
woods,12674
woody,4659
wooed,41
wooer,2
words,28624
wordy,39
works,130340
world,595283
worms,2817
wormy,19
worry,882
worse,2000
worst,7556
worth,13511
would,186292
wound,3334
woven,1450
wowed,18
wrack,71
wraps,548
wrath,1243
wreak,95
wreck,2902
wrens,189
wrest,171
wrier,0
wring,27
wrist,1165
write,14209
writs,328
wrong,5383
wrote,69110
wroth,107
wrung,11
wryly,39
xenon,402
xerox,731
xrays,3
xviii,933
xxiii,802
xxvii,238
yacht,6450
yahoo,1966
yalta,400
yanks,344
yards,15826
yarns,365
yawed,2
yawls,14
yawns,10
yearn,30
years,374514
yeast,2025
yells,59
yelps,10
yemen,7078
yetis,12
yield,3855
yodel,85
yoked,42
yokel,30
yokes,37
yolks,110
yolky,3
young,99891
yours,1551
youth,57860
yoyos,10
yukon,4362
yummy,187
zaire,999
zebra,1258
zeros,435
zesty,24
zippy,103
zloty,31
zonal,1007
zoned,541
zones,6296
zooms,43