which,1220752
first,1033698
known,742591
after,694687
their,655785
world,595283
state,592508
south,554390
album,539086
other,510524
north,448580
years,374514
where,361546
three,355818
music,353576
river,347922
since,345466
there,343668
march,340792
about,336251
house,336189
under,335475
later,330805
group,319107
april,309299
until,305872
found,269828
based,269562
party,266614
being,262925
named,253942
games,246232
while,243441
early,232821
built,225728
place,225174
these,215479
major,199259
small,196056
award,189544
would,186292
final,182705
local,182670
title,180980
third,179643
india,178543
union,176153
along,175769
genus,164973
james,157866
radio,156376
began,151978
death,151842
event,144292
often,142319
plays,141603
royal,140803
large,140389
great,139490
rural,134421
times,133215
field,131772
among,131695
coach,130438
works,130340
order,128558
david,128365
water,126693
court,126318
debut,125400
japan,124684
miles,123334
white,123108
black,121935
china,118347
total,115817
power,115308
actor,111855
route,111546
civil,110098
given,110046
films,109308
short,109235
medal,108310
teams,107103
video,106796
novel,104740
texas,104643
songs,103320
level,102587
moved,102373
point,101728
class,101266
greek,100904
those,100339
still,100278
young,99891
board,99007
story,98557
grand,98206
owned,98048
force,97308
coast,96970
media,96011
rugby,95075
books,94839
roman,93793
range,92838
henry,91799
chief,90709
round,90666
track,90294
areas,88946
plant,88729
wales,88520
women,87576
using,85730
style,85669
irish,85280
seven,83771
human,82756
chart,82439
light,81303
peter,80313
green,80133
stage,79269
again,79056
dutch,76935
italy,75680
could,75580
creek,75360
model,74721
spain,74681
space,74381
saint,74366
drama,73971
lower,72230
brown,72118
eight,71730
paris,69988
right,69824
wrote,69110
today,68718
every,68413
match,67407
stars,67332
whose,65717
names,65569
label,64789
parts,64339
trade,62745
louis,62286
study,61212
close,61166
prior,61125
smith,60888
mount,60413
minor,60403
latin,59906
never,59246
fifth,58344
prize,58187
added,57981
youth,57860
sound,56497
night,56379
asian,56170
least,55298
cross,55205
taken,55013
above,54332
front,54174
means,54037
upper,53979
mayor,53573
shows,53248
press,53101
beach,52958
movie,52919
dance,52115
roles,52091
opera,51886
noted,50657
spent,50283
forms,50225
czech,49722
stone,49677
woman,49656
lived,49123
aired,49122
super,49001
metal,48937
frank,48470
hotel,47979
urban,47550
queen,47376
santa,47207
tower,46919
legal,46410
prime,46249
korea,45442
ended,45348
heart,44923
terms,44906
staff,43716
lives,43494
rules,43490
sixth,42833
jones,42824
judge,42608
refer,42520
child,42473
train,42247
sport,42041
cover,41479
below,40960
grade,40272
scott,40120
maria,39755
lines,39724
voice,39528
clubs,39407
ocean,39162
units,39020
naval,38766
mixed,38484
earth,38448
daily,37747
tamil,37556
hills,37268
score,36399
start,35901
draft,35872
horse,35857
girls,35823
takes,35356
serve,35195
corps,34972
money,34696
peace,34572
comic,34405
baron,34397
honor,34292
metro,34171
falls,33842
cases,33777
heavy,33750
ships,33589
goals,33491
arena,33381
steve,33254
holds,33248
brand,33224
acres,32972
weeks,32749
trail,32438
speed,32373
swiss,32282
store,32233
chris,32134
trust,32096
crime,31840
block,31744
seats,31630
flows,31514
paper,31443
twice,31422
joint,31292
towns,31059
owner,30915
harry,30760
welsh,30660
sites,30612
hours,30568
types,30564
davis,30415
issue,30175
focus,29670
basis,29626
agent,29260
blood,29135
guard,29016
count,28975
split,28787
brian,28700
labor,28698
words,28624
comes,28561
theme,27875
crown,27810
value,27640
shown,27545
adult,27412
older,27282
reach,27252
stock,26980
sales,26799
snail,26767
color,26737
table,26668
grant,26619
whole,26382
drive,26343
blues,26252
simon,26147
motor,26129
nepal,26095
entry,26032
tokyo,25960
armed,25769
bands,25658
steel,25601
cause,25498
canal,25468
makes,25299
ridge,25284
chain,25133
races,24999
guest,24984
going,24694
trial,24568
image,24552
chair,24368
month,24272
basin,24191
piano,24158
maine,24151
scene,24046
lists,23973
cells,23852
basic,23686
brick,23304
egypt,23280
fleet,23194
share,23135
price,23091
floor,23077
banks,22733
chile,22568
singh,22563
trees,22450
storm,22393
allow,22387
shore,22279
lakes,22229
clark,22112
votes,22080
tribe,22079
birth,21889
dates,21877
kings,21760
glass,21507
plans,21497
miami,21321
pilot,21018
kevin,20957
birds,20903
relay,20860
roads,20840
chess,20826
jesus,20747
solar,20740
sides,20703
roger,20667
build,20341
fight,20256
bruce,20191
piece,20063
fully,20051
might,19886
newly,19847
cycle,19805
ninth,19801
marie,19728
scale,19671
reign,19627
shape,19531
squad,19516
inner,19349
parks,19258
exist,19182
hosts,18968
clear,18871
phase,18851
frame,18839
abbey,18762
users,18736
broad,18593
adams,18191
index,18184
congo,18089
occur,18075
guide,18001
magic,17994
grows,17925
audio,17897
cable,17869
fruit,17730
boxer,17671
genre,17599
break,17531
billy,17520
delhi,17335
venue,17329
milan,17295
kenya,17241
lands,17226
sense,17109
mouth,17062
sarah,17013
jimmy,16907
kelly,16855
giant,16821
homes,16810
gives,16736
ruled,16688
views,16545
mills,16521
walls,16499
dream,16443
leave,16401
stood,16391
needs,16339
bears,16189
stand,16177
heads,16140
voted,16138
steam,16120
claim,16106
idaho,16089
bible,16063
goods,16055
broke,16002
hands,15966
poems,15916
offer,15877
wings,15866
yards,15826
rapid,15800
hindi,15701
vocal,15678
jacob,15669
rocky,15655
jason,15617
notes,15466
baker,15406
ferry,15364
sugar,15323
brain,15320
barry,15314
faith,15249
funds,15187
print,15146
manor,15082
delta,15037
carry,15036
rocks,15000
equal,14997
bring,14878
lions,14827
tenth,14821
ideas,14698
moths,14648
brief,14641
drums,14627
outer,14622
keith,14609
plain,14485
ralph,14426
chose,14384
ghana,14283
sweet,14218
write,14209
syria,14200
grove,14195
roots,14186
tools,14108
siege,14075
saudi,14041
noble,14036
marks,13979
heard,13975
alice,13952
elder,13911
forum,13902
robin,13835
rifle,13765
alone,13661
hindu,13616
villa,13590
apple,13541
enemy,13539
worth,13511
apart,13467
angel,13433
items,13423
males,13413
tours,13356
strip,13312
visit,13263
wells,13217
drawn,13209
links,13181
uncle,13125
grown,13084
perth,13082
enter,13057
solid,13017
grass,13010
larry,12918
asked,12899
jerry,12878
moist,12866
craig,12843
ghost,12730
terry,12723
organ,12719
grace,12701
woods,12674
tried,12640
quite,12620
ahead,12570
eagle,12528
meant,12527
hence,12520
tests,12517
ranks,12514
oscar,12417
elite,12313
panel,12298
rally,12260
leeds,12254
islam,12230
acted,12228
globe,12199
bobby,12097
rhode,12050
mines,11974
rooms,11963
hired,11955
begin,11952
plate,11950
civic,11944
helen,11908
crash,11825
cargo,11819
dated,11813
leads,11811
rower,11787
plane,11769
brook,11756
papua,11748
tales,11745
cards,11718
fixed,11680
extra,11668
mario,11657
cited,11603
doing,11477
limit,11471
alpha,11462
ruler,11434
think,11424
sandy,11394
drugs,11345
plaza,11332
rabbi,11330
ratio,11287
calls,11284
tells,11188
allan,11140
susan,11090
isaac,11074
shell,11070
aimed,11068
avoid,11066
lodge,11022
mason,10907
tommy,10835
texts,10820
happy,10758
rider,10730
depth,10712
phone,10644
throw,10640
faced,10540
scout,10531
aaron,10453
cuban,10452
costs,10449
snake,10432
watch,10395
fresh,10355
choir,10342
sudan,10330
bonus,10315
vinyl,10303
truth,10274
laura,10269
tiger,10207
pages,10164
cloud,10068
rival,10018
codes,9940
colin,9888
seoul,9886
boats,9885
depot,9874
speak,9853
flies,9834
shops,9819
edwin,9818
wheel,9769
virus,9764
danny,9743
blind,9741
usage,9740
iraqi,9674
layer,9624
sharp,9611
skier,9582
anton,9565
rated,9539
shrub,9523
chase,9479
wider,9443
malta,9371
edgar,9357
canon,9315
rates,9301
bryan,9236
unity,9209
spots,9204
mouse,9170
ernst,9149
raise,9146
thing,9137
nancy,9119
flood,9108
abuse,9054
lucas,9053
tampa,9042
seems,9027
begun,9011
orbit,8999
duchy,8985
burma,8973
logic,8957
truck,8957
marsh,8955
gauge,8931
waste,8909
breed,8881
heath,8879
racer,8857
elect,8856
guild,8825
rises,8821
noise,8797
haven,8781
lying,8759
slave,8751
craft,8738
seeds,8697
shire,8688
julia,8640
radar,8628
files,8595
deals,8579
sheep,8548
pairs,8547
lords,8526
ranch,8475
ruins,8475
peaks,8467
pearl,8466
meets,8414
merit,8413
angle,8409
poets,8361
marco,8333
signs,8304
farms,8299
exile,8293
touch,8283
fungi,8279
flora,8272
sofia,8267
clean,8256
alive,8238
cream,8183
fired,8163
fluid,8132
nobel,8068
exact,8041
rough,8041
clerk,8015
steps,7974
gates,7940
pitch,7940
lunar,7937
clock,7889
linda,7881
cliff,7877
faces,7873
bases,7863
bound,7860
waves,7858
denis,7777
fifty,7702
graph,7702
verse,7694
burns,7676
cedar,7661
moral,7661
widow,7652
posts,7641
learn,7638
bates,7637
coins,7582
maker,7576
shift,7560
worst,7556
camps,7546
input,7491
doors,7480
pride,7454
apply,7438
grave,7355
sword,7354
genes,7336
thick,7335
favor,7313
array,7298
usual,7273
foods,7272
turns,7266
smart,7233
ellen,7223
photo,7183
blake,7173
flash,7173
boris,7167
ivory,7163
coral,7162
error,7134
karen,7134
tyler,7123
rebel,7110
forty,7093
assam,7078
yemen,7078
chuck,7070
qatar,7042
malay,7032
jesse,7030
gross,6987
maple,6974
dwarf,6966
buses,6956
canoe,6926
suite,6918
grain,6901
carol,6884
moves,6860
emily,6853
rings,6850
ports,6847
poker,6827
ready,6796
watts,6792
osaka,6766
cecil,6713
sheet,6644
derek,6623
turin,6620
winds,6616
paint,6601
diana,6597
bones,6586
swing,6578
trunk,6544
moses,6531
filed,6517
spans,6513
devil,6507
andes,6504
teach,6494
sleep,6482
drink,6481
berry,6464
julie,6464
haiti,6461
betty,6452
yacht,6450
stems,6441
slope,6401
meter,6388
hardy,6370
laser,6360
cohen,6359
threw,6355
teeth,6327
samoa,6322
cairo,6318
twins,6306
helps,6297
zones,6296
annie,6292
quest,6292
tibet,6291
shall,6285
treat,6282
finds,6280
steep,6243
glory,6237
atlas,6231
aside,6224
joins,6224
ideal,6219
bills,6217
firms,6217
crops,6216
curve,6194
hawks,6183
spell,6180
gable,6165
topic,6154
dozen,6131
porch,6105
polar,6096
burke,6091
crowd,6067
alien,6051
bonds,6032
basal,6011
fairy,6001
naked,5982
nurse,5961
caves,5958
olive,5937
fever,5930
inlet,5927
taste,5922
honda,5913
circa,5899
swift,5881
loose,5797
brass,5792
fraud,5783
crazy,5777
dress,5741
fewer,5740
vista,5737
rayon,5736
tenor,5735
bread,5722
trump,5717
width,5711
dairy,5694
lover,5692
tasks,5683
cabin,5665
negro,5647
dense,5643
honey,5639
downs,5635
shock,5624
libya,5621
proof,5621
taxes,5595
scope,5589
dixon,5584
robot,5580
wheat,5577
quick,5568
nerve,5562
draws,5557
belle,5554
trace,5533
patch,5532
empty,5500
holes,5489
randy,5489
omaha,5473
andre,5455
kinds,5434
catch,5425
janet,5413
wrong,5383
bench,5377
fault,5376
seeks,5366
wards,5365
drake,5356
lynch,5356
edges,5312
tries,5294
asset,5292
carey,5284
venus,5273
bulls,5264
motto,5233
vicar,5226
essay,5224
dying,5218
blade,5215
abbot,5214
sings,5212
deity,5207
isles,5207
agnes,5204
bluff,5200
vault,5189
feast,5176
vital,5174
balls,5167
sigma,5165
leigh,5162
soils,5149
diary,5147
trout,5130
niger,5124
saved,5118
looks,5117
papal,5115
gamma,5090
dirty,5078
crane,5074
rides,5066
spoke,5050
lucky,5031
tanks,5027
raced,5003
valid,4987
prose,4985
joyce,4968
rouge,4965
rhine,4953
talks,4940
skull,4930
witch,4915
grape,4908
candy,4881
scots,4870
forth,4867
daisy,4844
benin,4829
trips,4828
stint,4826
skill,4825
gorge,4820
realm,4805
snout,4791
stoke,4785
disco,4784
pupil,4782
check,4778
shark,4776
stick,4774
norse,4747
spend,4739
stamp,4731
tight,4727
darts,4719
bowls,4709
liver,4707
monks,4702
hague,4699
halls,4690
mound,4681
tract,4680
kyoto,4679
dylan,4673
trend,4665
woody,4659
basel,4651
fauna,4639
swamp,4637
tracy,4632
crest,4631
sally,4619
acids,4610
cubic,4562
sight,4556
quiet,4541
flute,4525
bronx,4522
mercy,4519
edith,4513
acute,4507
flags,4501
shane,4495
smoke,4492
prove,4487
arrow,4480
atoms,4468
feeds,4467
lease,4466
humor,4453
stake,4452
roses,4448
newer,4447
pools,4438
stops,4435
nixon,4431
sizes,4426
tulsa,4406
shoot,4403
colts,4392
sworn,4390
lotus,4381
nigel,4374
yukon,4362
frost,4361
angus,4358
inter,4352
enjoy,4345
butte,4340
stern,4337
shots,4335
elvis,4334
byron,4331
holly,4329
frogs,4324
tunes,4310
dover,4288
booth,4281
buddy,4281
viola,4280
veins,4277
gabon,4271
jenny,4266
riots,4266
fiber,4265
alias,4263
liner,4237
poles,4229
loyal,4228
omega,4227
overs,4192
heats,4185
cyril,4179
valve,4176
beast,4172
demon,4169
dodge,4151
romeo,4151
lagos,4141
paula,4135
loved,4126
tudor,4124
toxic,4108
blast,4106
sells,4105
doyle,4102
amino,4101
loans,4101
genoa,4098
saxon,4098
donna,4090
irene,4086
shoes,4083
diane,4080
anita,4059
fires,4047
ricky,4045
wants,4031
cadet,4030
fjord,3998
drove,3992
delay,3989
homer,3989
elias,3988
stony,3987
sioux,3961
wines,3959
arose,3952
chaos,3943
facts,3940
famed,3934
solve,3934
owing,3927
dukes,3915
hairy,3914
sands,3906
dealt,3900
flint,3894
lanes,3892
tonga,3889
modes,3884
turks,3876
marry,3867
sonic,3855
tidal,3855
yield,3855
basil,3849
viral,3844
erect,3819
sauce,3813
paths,3806
borne,3803
comet,3800
climb,3788
clive,3778
flour,3776
bells,3762
paved,3748
fatal,3738
flats,3733
whale,3731
terra,3718
penny,3717
slate,3715
lyric,3711
synod,3704
lance,3689
alley,3678
eaten,3673
flame,3669
pound,3662
tears,3651
wives,3645
privy,3643
brave,3636
algae,3633
ponds,3633
ultra,3633
voter,3622
wagon,3609
troop,3605
geoff,3592
tooth,3588
ashes,3585
badge,3573
altar,3567
opens,3567
lyons,3550
doubt,3549
spike,3540
shelf,3538
timor,3528
lunch,3527
knife,3513
tumor,3513
polls,3507
chest,3503
mafia,3503
cello,3501
amber,3487
motif,3487
bacon,3476
crete,3470
heinz,3463
beats,3453
souls,3447
bride,3437
caste,3424
gavin,3422
salon,3413
walks,3404
birch,3399
sonny,3390
hello,3387
atoll,3385
juice,3382
bloom,3378
peers,3376
aided,3368
boxes,3364
discs,3362
blend,3360
aging,3342
baton,3335
wound,3334
savoy,3330
tough,3329
cloth,3324
theft,3314
shaft,3309
hopes,3305
shade,3304
oxide,3301
tubes,3293
nodes,3287
arise,3268
reads,3265
merge,3257
crews,3251
sixty,3251
doris,3244
paddy,3235
raids,3223
burnt,3217
sunny,3212
agree,3204
lemon,3203
alter,3202
slide,3196
badly,3186
finch,3184
aware,3165
moody,3159
alvin,3151
stack,3148
huron,3137
loves,3125
flesh,3124
piper,3119
risks,3118
spite,3111
ducks,3109
hanna,3105
bowie,3104
goose,3104
moose,3093
dunes,3084
clash,3060
diver,3058
flown,3058
decay,3055
truly,3052
coupe,3041
dolls,3039
beans,3037
rover,3036
stark,3035
lined,3029
seals,3023
brush,3015
gifts,3011
pizza,3007
focal,3005
eaton,3003
fried,3003
tapes,2999
donor,2996
petty,2995
smile,2988
upset,2987
micro,2984
raven,2979
molly,2975
teddy,2975
harsh,2968
pulse,2960
likes,2959
tends,2957
bombs,2948
mater,2948
funny,2940
boots,2937
panic,2936
pagan,2935
knows,2934
chord,2925
punch,2922
nazis,2920
lacks,2916
chips,2914
curse,2909
wreck,2902
dried,2898
curry,2897
hymns,2893
trick,2892
cameo,2890
adopt,2889
truss,2889
gains,2886
katie,2867
hoped,2864
bandy,2862
wharf,2852
twist,2850
morse,2849
swept,2849
hairs,2848
spelt,2847
bravo,2845
reefs,2841
beard,2836
bucks,2822
worms,2817
shine,2810
skate,2793
dixie,2772
revue,2770
minds,2766
crude,2762
theta,2760
tutor,2753
fence,2751
tango,2751
forts,2736
gases,2734
volvo,2732
forks,2726
hatch,2720
miner,2717
cheap,2695
loire,2692
horns,2689
argue,2687
alike,2684
spare,2682
piers,2674
freed,2657
tombs,2656
daddy,2652
picks,2652
uzbek,2644
flank,2643
pipes,2640
fatty,2637
tally,2630
tyrol,2613
arbor,2611
clown,2610
jewel,2598
kabul,2597
ethel,2595
scrub,2592
dhabi,2578
habit,2576
natal,2573
screw,2572
lobby,2571
avery,2570
drain,2567
annex,2566
armor,2556
prone,2555
audit,2550
heirs,2544
wally,2544
proud,2540
sears,2538
slang,2534
maxim,2530
locks,2525
teens,2523
forge,2516
torah,2513
clans,2512
adler,2509
click,2509
angry,2505
bunny,2505
onset,2502
shrew,2502
rolls,2501
chalk,2500
thief,2497
beech,2483
moray,2481
wills,2475
wasps,2474
oasis,2470
niece,2468
purse,2467
batch,2460
magna,2456
kathy,2449
berth,2442
drill,2440
scrap,2433
epoch,2431
blank,2429
dante,2425
probe,2414
onion,2408
faint,2404
mural,2404
hazel,2397
icons,2397
arabs,2389
keeps,2389
smash,2372
vogue,2365
parry,2362
haifa,2343
knots,2343
orion,2342
drops,2341
alert,2340
leafs,2340
clips,2334
titan,2331
corey,2326
ghent,2325
drift,2319
waltz,2316
bliss,2312
lasts,2304
peach,2300
titus,2298
sinai,2285
pines,2284
rigid,2284
weird,2274
banjo,2273
otter,2272
myths,2270
plots,2270
hydro,2265
spine,2260
luzon,2257
stunt,2256
kills,2250
spurs,2250
tunis,2246
sloop,2242
turbo,2242
gypsy,2238
spice,2238
rogue,2235
edged,2233
sedan,2233
mixes,2232
serge,2225
sting,2219
herbs,2214
shake,2214
rowan,2201
ester,2193
hobby,2189
maize,2182
merry,2181
queer,2179
somme,2178
stuff,2178
wages,2177
heels,2175
fanny,2172
rodeo,2170
trams,2170
docks,2162
penal,2157
boost,2145
torch,2144
creed,2142
claus,2139
volta,2137
hanoi,2130
crust,2123
envoy,2123
cones,2122
tones,2122
unite,2120
tempo,2119
aspen,2110
islet,2107
stuck,2097
anger,2094
belly,2094
vowel,2091
loops,2087
rainy,2087
spark,2087
lenin,2086
roach,2083
chili,2081
cache,2080
saves,2080
rains,2074
firth,2071
rites,2064
alloy,2053
ferns,2053
feels,2049
kitty,2038
dolly,2037
smell,2028
yeast,2025
sized,2024
opted,2021
amman,2016
hilly,2010
shirt,2010
urged,2009
niche,2008
worse,2000
thumb,1998
allah,1986
patna,1981
deeds,1979
crush,1976
fairs,1975
hedge,1973
cobra,1971
earls,1967
yahoo,1966
spiny,1965
milky,1961
suits,1960
tiles,1957
norms,1946
meals,1939
mecca,1939
tufts,1939
crack,1937
posed,1934
alarm,1933
sweep,1930
rests,1929
junta,1921
lobes,1918
cease,1911
maybe,1906
aztec,1902
brake,1897
multi,1893
pygmy,1892
burst,1891
skies,1891
blitz,1889
knock,1889
quote,1889
wears,1889
bison,1888
nehru,1885
adapt,1876
genie,1871
barge,1868
drone,1868
sexes,1867
straw,1866
attic,1865
banco,1863
thank,1859
stiff,1854
clint,1850
debts,1848
psalm,1848
heron,1846
rails,1846
viper,1843
nests,1837
baths,1835
cruel,1834
thorn,1833
nasal,1832
roofs,1829
spear,1828
drunk,1826
fears,1823
moors,1821
malls,1820
fuels,1814
ionic,1810
beers,1808
paler,1806
beams,1805
quota,1804
aster,1803
backs,1802
cindy,1801
shear,1801
goats,1795
accra,1794
bayou,1792
larva,1791
mined,1787
muddy,1785
tyson,1785
ditch,1784
emery,1782
binds,1778
lever,1778
patty,1772
stout,1770
mango,1759
blunt,1748
cathy,1748
haydn,1744
faber,1738
camel,1737
risen,1733
paste,1732
loads,1730
liked,1728
palms,1722
swans,1722
steal,1719
snack,1713
indus,1711
versa,1711
minus,1710
fused,1707
pumps,1706
rhyme,1705
colon,1704
bunch,1700
usher,1695
charm,1694
blaze,1691
midst,1691
bikes,1689
panda,1686
quito,1684
arias,1682
ceded,1682
buyer,1679
gland,1677
sends,1673
urine,1672
chick,1671
coats,1668
renal,1664
chant,1663
humid,1663
surge,1662
rusty,1658
dakar,1657
exams,1656
sweat,1650
spill,1649
champ,1648
salts,1648
smoky,1646
float,1642
gangs,1638
loser,1628
crabs,1626
spire,1621
lamps,1619
prism,1618
locus,1613
bantu,1605
limbs,1600
jokes,1596
tails,1596
lungs,1595
sided,1592
baked,1589
fails,1589
fancy,1588
sperm,1587
cocoa,1586
spray,1576
lifts,1575
friar,1574
trait,1569
clone,1566
vivid,1565
cites,1563
nails,1563
rouen,1563
lilly,1559
tying,1558
wedge,1552
yours,1551
stare,1549
epsom,1548
loses,1542
squid,1540
wired,1538
lopes,1535
masks,1534
spies,1534
cents,1532
karma,1531
venom,1531
vapor,1528
wires,1522
kraft,1521
sited,1520
elbow,1519
salad,1510
grams,1508
stays,1507
blame,1506
snowy,1504
butch,1492
fools,1488
tulip,1488
maori,1478
triad,1478
opium,1474
fours,1471
shame,1471
seine,1470
bouts,1467
shiny,1467
setup,1466
trash,1459
kicks,1457
perch,1454
seize,1451
twain,1450
woven,1450
resin,1449
crook,1447
rhino,1444
blown,1441
haley,1440
rotor,1439
sorry,1438
idols,1435
grill,1433
pedal,1429
samba,1429
valor,1426
tides,1424
shady,1423
optic,1417
vague,1417
doric,1414
tuned,1409
laugh,1404
pants,1398
guess,1397
duets,1394
dough,1393
dusty,1393
freak,1393
query,1390
digit,1389
cater,1386
pinch,1385
pixel,1380
plato,1379
argus,1377
mites,1376
folds,1373
notch,1373
satan,1373
sorts,1368
jelly,1366
poppy,1366
mimic,1365
freud,1362
hound,1361
pleas,1361
mates,1360
jolly,1359
slain,1359
enoch,1357
faded,1353
bland,1352
faust,1349
tires,1346
eaves,1345
grays,1345
vines,1345
excel,1344
ether,1343
arden,1340
sails,1339
slots,1337
crisp,1334
stary,1325
guilt,1322
skins,1322
logos,1319
purge,1319
bello,1317
imply,1315
knoll,1313
vodka,1307
barns,1305
vitro,1303
regal,1302
tense,1302
fuzzy,1301
aruba,1300
elsie,1299
cigar,1297
ankle,1296
manly,1295
exits,1289
safer,1289
belts,1287
fined,1286
helix,1286
alamo,1282
disks,1279
funky,1279
react,1277
stole,1275
cores,1270
renew,1266
syrup,1260
zebra,1258
betsy,1254
glove,1254
motel,1254
banff,1252
reply,1250
guise,1247
proxy,1246
tired,1245
wrath,1243
spoon,1242
judas,1240
chefs,1239
liszt,1239
alder,1238
kodak,1237
pliny,1237
forte,1232
coded,1230
broom,1228
gills,1225
towed,1225
laden,1223
molar,1223
plume,1223
groom,1218
hooks,1218
verdi,1214
jeans,1213
jumps,1213
pious,1208
slims,1208
truce,1207
verbs,1207
foxes,1206
fonts,1203
packs,1203
casts,1202
lipid,1202
hails,1196
crypt,1193
debra,1193
folly,1191
acorn,1185
domes,1185
sikhs,1182
shout,1181
sinus,1177
feral,1176
ascot,1174
cairn,1174
elise,1172
grief,1168
solos,1165
wrist,1165
patsy,1156
dizzy,1155
doses,1154
cakes,1152
ascii,1150
filly,1145
mixer,1145
sheer,1143
tweed,1141
stain,1138
gully,1135
pepsi,1134
geese,1133
penis,1132
decks,1130
slash,1130
diner,1125
weigh,1124
flyer,1116
fetal,1115
palsy,1115
verve,1114
arson,1109
snoop,1109
sheen,1108
celia,1107
delft,1107
crows,1104
couch,1102
scuba,1102
bower,1100
linen,1100
mania,1099
beads,1098
cider,1093
kayak,1093
renee,1093
slugs,1093
gnome,1089
aegis,1087
moons,1086
byway,1085
macro,1084
pluto,1083
stray,1083
fitch,1081
flock,1081
brink,1080
scent,1078
reuse,1077
gears,1076
lymph,1076
traps,1076
pasta,1072
thane,1072
agile,1071
anglo,1071
admit,1069
toxin,1066
cheek,1063
serum,1063
bests,1062
bitch,1062
combs,1062
rabat,1061
edict,1060
sacks,1059
shoal,1059
windy,1059
brier,1058
ozone,1055
token,1055
axiom,1054
helms,1054
canto,1052
dusky,1052
fines,1051
rouse,1050
mummy,1048
padre,1048
sewer,1046
ducal,1039
hydra,1039
clues,1035
razor,1030
socks,1026
posse,1023
bight,1022
taped,1022
libel,1021
azure,1020
tiers,1019
awake,1014
pests,1014
slice,1012
waist,1010
zonal,1007
bingo,1003
avant,1001
mares,1000
spree,999
zaire,999
curly,998
plank,996
argos,993
ropes,993
vicki,993
chill,992
dijon,992
raped,992
grist,991
boxed,989
bites,987
lemur,987
amine,982
hangs,982
janus,982
errol,980
spicy,979
provo,978
taxis,975
polka,974
fries,971
knees,970
pence,969
relic,967
nymph,966
swarm,965
coney,962
bulge,960
poses,958
bugle,957
silly,956
hoard,954
virgo,954
amend,951
sheds,949
fills,940
nasty,934
weeds,933
xviii,933
leech,931
auger,929
bulbs,929
folio,929
verge,929
joker,928
stalk,928
taboo,928
assay,927
slick,927
corfu,925
sable,924
brood,923
stump,923
dandy,920
siren,920
dives,918
vegan,918
sonar,917
razed,916
blows,915
erode,910
crawl,907
franc,907
tonic,906
waits,904
steer,903
parva,902
skirt,900
fetus,899
nouns,898
edits,897
cafes,896
popes,896
horde,894
latex,893
tonal,892
eager,891
madam,891
melon,891
cooks,890
claws,887
idiom,887
worry,882
puppy,881
tents,880
masts,879
timed,877
bowel,873
pivot,873
quake,871
ought,868
steak,867
bless,866
borer,866
cadre,866
sired,864
quail,861
carew,860
iliad,859
modal,859
petro,859
queue,859
nylon,855
clams,853
shack,851
stove,850
annum,848
fares,846
skeet,844
jaffa,842
handy,841
modem,841
fable,840
fiery,839
scare,839
lilac,837
salty,837
aloha,836
jacks,836
ebony,834
nitro,834
mover,833
brace,832
ovens,827
swain,827
beryl,825
dales,824
aloud,821
cured,821
axial,819
beaux,819
ample,815
jumbo,814
scars,814
dummy,813
farce,813
axles,812
hauls,810
greed,809
hertz,809
spawn,809
align,807
ledge,807
glide,806
spoof,806
lhasa,805
ramps,804
xxiii,802
toast,800
maths,795
noisy,795
hitch,788
curia,787
feces,787
scary,787
plaid,786
props,785
lager,783
bytes,782
fells,781
boron,780
ethos,780
twigs,778
flush,777
bongo,775
havoc,775
swine,775
aroma,774
piety,774
stall,774
heist,773
pains,773
meats,771
shams,771
hides,770
missy,770
tinge,769
cleft,768
cloak,767
reeds,767
fared,764
quark,764
flaws,762
hunts,762
mogul,762
saber,762
vases,762
witty,762
temps,760
bully,758
cared,757
cheer,757
misty,756
stele,755
aisle,753
basra,753
sects,753
irons,751
silky,750
elves,749
hurts,746
husky,745
bumps,742
texan,740
flair,738
wiped,738
hinds,736
slack,736
hanks,735
tolls,735
abyss,733
grind,733
waged,731
xerox,731
idiot,725
pause,725
bushy,723
cupid,723
scion,723
stair,723
flare,722
quill,722
clamp,721
stave,719
thong,719
domed,717
deans,716
torso,715
nomad,714
gated,713
bolts,712
kinks,712
cults,711
reset,711
runic,711
cares,708
grail,707
nanny,705
harem,703
midge,703
rents,703
brawl,701
jetty,700
hints,698
mains,698
bleak,697
dames,696
glens,695
naive,695
snipe,694
ethic,693
stork,693
trios,693
chute,692
piles,692
squat,692
foray,691
leafy,689
macao,688
eater,687
kafka,687
showy,687
broth,685
pouch,685
irony,684
drier,683
lends,683
finer,681
pores,681
lupin,680
cheat,678
crank,678
folks,677
uncut,677
abode,676
butts,676
pills,676
rowed,676
juicy,675
punic,675
troll,675
fugue,674
gulls,674
mufti,674
hated,671
aryan,670
stead,670
vents,670
strap,669
swell,669
dykes,668
polio,668
vigil,667
bowed,664
lofty,664
fermi,662
curie,661
scoop,661
unify,661
pears,660
risky,660
bored,659
doves,659
slabs,659
torus,659
epics,658
tramp,658
tawny,657
feats,654
rajah,653
skunk,653
thigh,653
needy,652
highs,650
visas,649
bebop,647
micah,646
herds,645
dwell,644
ibsen,644
lefty,644
owlet,644
adept,642
busts,642
prank,641
weave,640
colne,639
shook,639
sagas,637
mambo,636
manic,636
liars,635
spins,635
spore,635
bleed,634
diode,634
divas,634
actin,633
blond,631
evoke,630
hyper,629
beige,628
wares,625
hears,623
moods,620
altos,619
hausa,618
braid,616
flick,616
amour,615
exert,614
bends,612
peril,610
slime,608
sober,608
cubes,607
swear,606
elegy,604
freda,604
semen,604
satin,602
anvil,600
roast,599
carts,598
nadir,598
sushi,598
grime,597
amity,596
spade,594
grasp,592
deter,591
unfit,589
cords,588
enact,588
booty,587
mobil,587
relax,587
squaw,587
sully,587
toads,587
leaks,586
hulls,583
agony,582
haiku,581
harps,581
totem,580
decor,579
reels,579
dowry,578
remit,578
hoops,577
druid,576
craze,575
creep,575
oiler,572
debit,571
nicks,571
diets,569
ovary,569
robes,569
ovate,568
salvo,568
sooty,567
inert,566
snare,564
sheaf,562
slums,561
cysts,560
fleck,560
kilns,560
cough,559
furry,559
waved,557
equip,556
kites,555
rarer,555
stags,555
dogma,554
menus,554
cries,553
lawns,553
wicks,553
grids,552
slips,550
judea,549
midas,548
refit,548
wraps,548
brine,547
glaze,547
sages,546
dread,545
muses,545
levee,543
taiga,543
haunt,541
kiosk,541
zoned,541
decoy,540
waned,540
buggy,539
comma,539
graft,539
asker,537
fuses,536
reins,536
swede,536
mules,535
holst,533
munch,533
overt,532
aries,531
femur,531
matte,531
ochre,531
gloss,529
timer,529
bream,528
gourd,528
scrum,528
stool,528
babes,527
crags,527
sills,525
valet,525
wafer,525
whorl,525
jewry,524
vowed,524
choke,522
expel,522
pikes,522
sneak,522
scalp,521
typed,520
blink,519
ducts,519
earns,519
gauss,519
coils,518
emits,518
gravy,518
hades,518
sheik,518
roost,517
scans,517
flake,516
lathe,516
glade,515
harms,514
hurry,514
soups,514
monet,513
cacti,512
rumor,511
lambs,510
ravel,509
silos,507
hoods,506
clays,503
fates,501
pulls,500
aphid,499
bonny,499
gurus,499
maids,499
milli,499
hinge,495
quilt,494
hutch,493
pussy,493
conch,491
evade,491
necks,490
racks,489
skits,489
lumen,488
jails,487
jazzy,484
repay,484
scull,484
liege,481
plugs,481
sinks,481
stink,481
lorry,480
clump,479
patio,478
apron,477
cried,477
slept,477
gaunt,476
molds,476
rowdy,476
lured,475
sepia,475
budge,472
sixes,472
volts,471
awful,470
slump,470
hires,469
moles,469
celts,468
mamma,468
limbo,467
dinar,466
tibia,466
stomp,465
scaly,459
flaps,458
tiber,457
porno,456
shank,456
chunk,455
miter,451
denim,450
larch,450
macho,450
rumba,450
dries,449
slant,449
snuff,449
sloth,448
sling,446
cocks,445
bales,444
fudge,444
galls,444
winch,444
melts,443
mucus,443
cages,442
swore,442
tiled,442
ovoid,440
prawn,439
ulcer,438
exxon,437
medic,436
laity,435
zeros,435
facet,434
adder,433
mower,433
aorta,431
cures,431
downy,431
liter,431
eerie,430
rhone,430
wager,430
daffy,429
fetch,429
hoist,429
icing,429
sever,429
caper,427
grieg,426
oboes,426
soaps,425
soles,425
drank,424
pylon,424
limes,423
lucid,423
serif,423
manna,422
edema,421
melba,421
slams,421
abide,419
bribe,419
camas,419
mauve,419
clasp,417
speck,416
dikes,415
grips,415
lofts,415
tamer,415
crumb,414
sieve,414
infer,413
vigor,413
hates,412
vixen,412
scarf,411
utter,411
coups,410
reedy,409
repel,409
ticks,408
tuner,408
gipsy,405
goofy,405
gouda,405
tithe,405
deuce,403
feuds,403
plumb,403
brute,402
imams,402
xenon,402
briar,401
lapse,401
taxed,401
datum,400
warty,400
yalta,400
pecan,399
pixie,398
talon,398
wakes,398
bangs,397
ounce,397
nodal,395
nudes,395
smock,395
foggy,394
mints,394
tuber,394
vibes,394
widen,394
askew,393
stoic,392
aides,389
petal,388
shave,388
bogie,387
fluke,387
genet,387
agate,386
deere,386
oaths,386
omits,386
angst,385
bulky,385
boast,383
evils,383
koala,383
rigor,383
obese,381
topaz,381
brunt,380
seams,380
avail,377
boggy,376
abuts,375
thugs,375
foyer,374
ruddy,374
drown,373
sibyl,372
tasty,372
fades,371
punks,370
filth,369
quays,369
rupee,369
groin,367
gowns,366
guano,366
heaps,366
yarns,365
spoil,364
argon,363
plush,363
weary,363
capes,362
knobs,362
tiara,362
fixes,361
crick,360
modus,360
bambi,359
carve,359
sauna,359
fecal,358
lochs,358
ghoul,354
sucks,354
undue,354
cabal,353
manse,353
motet,353
novae,353
quirk,353
suede,353
swaps,353
tweet,353
juror,351
beset,350
thyme,350
elfin,349
greet,349
mores,349
bards,345
alibi,344
hasty,344
yanks,344
canes,343
credo,343
krone,343
quell,343
anode,342
rerun,342
barks,341
chine,341
duels,341
erase,341
warns,341
octet,340
shunt,340
tread,340
knack,339
taker,339
brash,338
clove,338
dryer,338
radii,338
runes,338
taper,338
libra,337
porgy,337
foals,335
rapes,335
tunic,335
looms,333
lowly,333
mossy,333
chubb,332
plead,332
conic,331
hikes,331
lasso,331
pacer,331
comer,330
pansy,330
revel,330
scone,330
nutty,329
pater,328
phyla,328
writs,328
await,327
tubby,327
oddly,326
studs,326
canna,325
graze,325
gamut,324
muted,324
quasi,324
sadly,324
fords,323
rafts,323
strut,322
corky,321
cramp,321
slits,321
pitta,320
smelt,320
smear,319
abate,317
beret,317
glued,317
hosea,316
louse,316
whore,315
bogus,314
urges,314
aptly,313
nines,312
warts,312
dingo,310
psych,310
trill,310
snows,309
flask,308
guava,308
tenet,308
epoxy,307
llama,306
adorn,305
batty,305
leper,305
serfs,304
swung,304
vices,304
massy,303
aural,302
crate,302
hover,302
hares,300
riser,300
salve,300
chard,299
glace,299
pawns,299
radix,299
vaduz,299
desks,298
fiend,298
chime,295
hotly,295
girth,294
grebe,294
messy,294
olden,294
seder,294
tilde,294
vests,294
deems,293
fives,293
rinks,293
emacs,292
fists,292
licks,292
prong,292
bathe,291
cools,291
kebab,290
aloft,288
coven,288
navel,288
radon,287
haste,286
hives,286
abort,285
fakir,285
ketch,285
mommy,285
wiles,284
scant,283
felon,282
swath,282
toner,282
towel,282
binge,281
divan,281
whips,281
dwelt,280
mated,280
wilds,280
puffy,279
aunts,278
peony,278
plebs,278
dials,277
halts,277
piggy,277
booms,276
fleas,276
gusts,275
macaw,275
grunt,274
shawl,274
vying,274
rooks,273
davit,272
quack,272
terns,272
toots,272
beets,270
blimp,270
copse,270
eased,270
rebus,270
skiff,270
lingo,268
talas,268
ember,267
laced,267
leaps,265
goody,264
scams,264
steed,264
caddy,263
recap,263
supra,263
dared,261
inked,261
panes,261
poona,260
quits,260
degas,259
hacks,258
hyena,258
servo,258
kinky,257
savvy,257
floss,256
anise,255
eider,255
piped,255
smack,255
caged,254
frail,253
swims,253
bigot,252
coves,252
fumes,252
joule,252
buoys,251
hoary,251
mamas,251
gorse,250
plums,250
booby,249
paced,249
blush,247
brisk,247
koran,247
snaps,247
dower,246
gales,246
inept,246
conga,245
crass,243
dumps,243
gloom,243
skips,243
carat,242
crone,242
egret,242
voids,241
dally,240
glare,240
leans,240
noses,239
tacit,239
boers,238
capon,238
perks,238
xxvii,238
frees,237
punts,237
cynic,236
jerky,236
timid,236
aesop,235
grabs,235
seeps,235
cress,234
khaki,234
prays,234
shone,234
twine,234
avert,233
slows,233
jamey,232
shaky,232
swank,232
fling,231
incur,231
mocha,231
sissy,231
itchy,230
weirs,230
bogey,229
fixer,229
lures,229
newts,229
taffy,229
faked,228
guppy,228
chats,227
inlay,227
tench,227
wilts,227
awash,226
clots,226
dares,226
germs,226
giver,226
naves,226
spook,226
suave,226
tusks,226
bloke,225
clack,225
frets,225
spout,225
tabby,225
bumpy,224
eject,224
lutes,224
suing,224
fangs,223
stilt,222
colic,221
flirt,221
bagel,220
borax,220
cumin,220
flees,220
grout,220
parse,220
spate,219
trove,219
piled,218
horny,217
imago,217
longs,217
sleek,217
spasm,217
chops,216
silks,216
bilge,215
embed,214
bores,213
dazed,213
myrrh,213
sires,213
wield,213
buffs,212
curls,212
plump,212
cribs,211
frisk,211
inset,211
nevil,211
preys,211
tease,211
jours,210
mezzo,210
vomit,210
debug,208
hooch,208
galas,207
arvin,206
grits,206
gumbo,206
leaky,206
mists,206
pupae,206
stoop,206
stung,206
lumps,205
agape,204
amass,204
weedy,204
boars,203
latch,203
moron,203
payer,203
chewy,202
kaman,202
noose,202
toned,202
booze,201
diced,201
loamy,201
scorn,201
trays,201
frond,200
hoses,200
bough,199
chasm,199
cusps,199
leash,199
raged,199
cling,198
flips,198
rivet,198
coals,197
dimes,197
forgo,197
halos,197
ovals,197
saver,197
holed,196
twang,195
vulva,195
fouls,194
puffs,194
visor,194
brews,193
joked,193
oases,193
putty,193
swirl,193
whist,193
adieu,192
affix,192
corgi,192
mumps,192
balsa,191
stile,191
voles,191
copts,190
moped,190
basle,189
slimy,189
spars,189
timex,189
wrens,189
humus,188
jerks,187
recur,187
yummy,187
adore,186
larks,186
wiser,186
froze,185
stash,185
trice,185
betel,184
gruff,184
gusto,184
mazes,184
paces,184
vamps,184
bevel,183
memos,183
shove,183
veils,183
beaks,182
shard,182
slush,182
eland,181
gusty,181
hippy,181
sores,181
clout,180
crave,180
easel,180
ripen,180
amuse,179
doped,179
howdy,179
polyp,179
bosom,178
cuffs,178
brawn,177
hefty,177
keyed,177
omens,177
rummy,177
silty,177
chaff,176
flier,176
loner,176
pimps,176
tapir,176
churn,175
defer,175
harts,175
clank,174
igloo,174
madly,174
mourn,174
plied,174
quart,174
stale,174
wader,174
droop,173
sylph,173
gnats,172
manes,172
eared,171
plies,171
topsy,171
wrest,171
flaky,170
foams,170
snark,170
murky,169
offal,169
stews,169
erupt,168
grate,166
balmy,165
comas,165
debar,165
loran,165
moats,165
cobol,164
foils,164
shins,164
bawdy,163
rinse,163
ambit,162
gongs,162
miser,162
keels,161
bossy,159
lapel,159
lento,159
rabid,159
wands,159
doggy,158
pique,158
skied,158
vitas,158
casks,157
ditto,157
jeeps,157
kiwis,157
spool,156
phony,155
tongs,155
usurp,155
whelk,155
wiper,155
baggy,154
dines,154
hiker,154
shred,154
waxes,154
autos,152
barbs,152
slats,152
laces,151
treks,151
rifts,150
adage,149
delve,149
gummy,149
pluck,149
tamed,149
tripe,149
cased,148
lumpy,148
skids,148
swish,148
infra,147
karat,147
seedy,147
trawl,147
gauze,146
curio,145
heals,145
jaded,145
crier,144
dingy,144
flung,144
lurid,144
minty,144
pigmy,144
rakes,144
vales,144
waive,144
cocky,143
piton,143
boils,142
godly,142
nappy,141
prick,141
psion,141
telex,141
dirge,140
fakes,140
mealy,140
parka,140
chimp,139
evict,139
dyers,138
evens,138
heady,138
kneel,138
kudos,138
pints,138
shorn,138
brats,137
flops,137
kilos,137
mocks,137
raked,136
sprat,136
boner,135
enema,135
idyll,135
fluff,134
hymen,134
waxed,134
banal,133
dowse,133
pewee,133
momma,132
raves,132
gores,131
jawed,131
mulch,131
scrip,131
spits,131
mirth,130
slurs,130
umber,130
booed,129
pokes,129
spank,129
spiky,129
afoul,128
dacca,128
deism,128
idler,128
antic,127
dinky,127
haver,127
nifty,127
pelts,127
swipe,127
tomes,127
unary,127
prune,126
spied,126
tardy,126
toddy,126
biddy,125
ensue,125
knave,125
mails,125
natty,125
quads,125
terse,125
whirl,125
locum,124
mammy,124
peaty,124
endow,123
growl,123
pacts,122
pours,122
carps,121
dowdy,121
hiked,121
roped,121
shirk,121
usury,121
gazer,120
loral,120
frock,119
gouge,119
swoop,119
taint,119
augur,118
coots,118
djinn,118
maser,118
asses,117
harpy,117
scamp,117
sighs,117
vanes,117
aloof,116
chaps,116
dacha,116
guile,116
rants,116
dorsa,115
froth,115
peels,115
strum,115
blobs,114
leapt,114
sabot,114
tints,114
veers,114
corny,113
giddy,113
posit,113
saris,113
sisal,113
agana,112
flail,112
furze,112
groat,112
potty,112
saucy,112
sniff,112
chirp,111
sleds,111
belay,110
dived,110
drags,110
ewers,110
tarry,110
tilts,110
yolks,110
clogs,109
hater,109
canny,108
liens,108
obeys,108
pulps,108
scour,108
tangy,108
unwed,108
duple,107
pared,107
thump,107
wroth,107
bitty,106
bylaw,106
drape,106
leeks,106
okapi,106
riven,106
bleep,105
blurb,105
ditty,105
mince,105
joust,104
kraut,104
nears,104
ashen,103
baler,103
crock,103
humps,103
singe,103
zippy,103
esker,102
fated,102
gaits,102
haugh,102
knell,102
leges,102
malts,102
wends,102
winks,102
gaudy,101
lusty,101
seers,101
cubed,100
panty,100
skive,100
taunt,100
copes,99
ladle,99
piste,99
afire,98
crimp,98
dregs,98
musky,98
pooch,98
sepal,98
trims,98
curds,97
spurt,97
swoon,97
amaze,96
dined,96
frill,96
shuts,96
dimly,95
faker,95
furor,95
perky,95
poise,95
weeps,95
wreak,95
amble,94
awoke,94
dents,94
glows,94
husks,94
nosed,94
pinks,94
stubs,94
tansy,94
tipsy,94
wipes,94
crept,93
meaty,93
peppy,93
salic,93
sleet,93
spoor,93
heave,92
velum,92
elude,91
aches,90
chums,90
filer,90
mange,90
oiled,90
tubas,90
dicta,89
tweak,89
viols,89
fluor,88
pasty,88
soapy,88
tacks,88
warms,88
baits,87
fasts,87
filet,87
hyrax,87
sewed,87
skein,87
tress,87
blurs,86
chore,86
crepe,86
ogres,86
tunny,86
ducat,85
genii,85
poser,85
raver,85
slung,85
tacky,85
verba,85
welds,85
yodel,85
egged,84
grubs,84
pales,84
reams,84
stabs,84
burly,83
drips,83
scoot,83
spats,83
sprig,83
atone,82
chock,82
extol,82
gruel,82
odder,82
pithy,82
safes,82
dawns,81
elope,81
lanky,81
sofas,81
spilt,81
feint,80
minim,80
twill,80
whisk,80
chink,79
clink,79
whims,79
duped,78
gavel,78
silts,78
sower,78
tarns,78
tepid,78
throb,78
wispy,78
bares,77
claps,77
deist,77
dicey,77
fishy,77
hulks,77
hyped,77
meted,77
poked,77
spunk,77
annul,76
clung,76
faxes,76
quire,76
tarts,76
prowl,75
soupy,75
trite,75
tryst,75
dotty,74
freon,74
halve,74
loony,74
lurch,74
pudgy,74
foamy,73
kraal,73
oldie,73
reeks,73
splay,73
argot,72
beady,72
boobs,72
bunks,72
gizmo,72
nicer,72
theca,72
amply,71
corns,71
dears,71
eases,71
fizzy,71
gleam,71
hunch,71
ingot,71
mucky,71
roams,71
smite,71
surly,71
waver,71
woken,71
wrack,71
acrid,70
afoot,70
clang,70
czars,70
groan,70
hanky,70
lunge,70
roars,70
teeny,70
chews,69
droll,69
exude,69
gazes,69
marts,69
swabs,69
dater,67
dowel,67
dunks,67
duper,67
mente,67
peeps,67
ruder,67
curbs,66
hanse,66
moldy,66
payee,66
quash,66
allot,65
biter,65
chump,65
colds,65
fount,65
vials,65
whack,65
cubit,64
erred,64
hewer,64
livid,64
matzo,64
pesky,64
tempt,64
totes,64
annoy,63
blest,63
chafe,63
glues,63
gulfs,63
octal,63
purer,63
dooms,62
glean,62
hoots,62
maces,62
preen,62
tummy,62
wimps,62
brays,61
lurks,61
nabob,61
pored,61
rages,61
soggy,61
squib,61
stirs,61
ukase,61
aspic,60
jiffy,60
kapok,60
lauds,60
layup,60
ardor,59
croon,59
golly,59
humpy,59
staid,59
touts,59
whoop,59
yells,59
lousy,58
mimes,58
muzak,58
nudge,58
snags,58
whine,58
avers,57
bails,57
cluck,57
floes,57
hammy,57
irate,57
osier,57
rices,57
runny,57
troth,57
futon,56
retry,56
sluts,56
bergs,55
chars,55
coped,55
gonad,55
kilts,55
quips,55
rungs,55
rusts,55
sowed,55
udder,55
vexed,55
beeps,54
corks,54
dodos,54
doles,54
gutsy,54
gyros,54
opine,54
plait,54
truer,54
whiff,54
bakes,53
balks,53
byres,53
clefs,53
moans,53
pinup,53
rebut,53
sappy,53
snide,53
feted,52
filmy,52
hooky,52
loopy,52
mimed,52
pecks,52
rayed,52
sawed,52
slays,52
chomp,51
crony,51
daunt,51
milks,51
odium,51
outdo,51
ovine,51
quoit,51
snort,51
venal,51
axing,50
gored,50
knits,50
malum,50
soars,50
spuds,50
untie,50
uvula,50
vapid,50
brows,49
catty,49
fetid,49
fugal,49
gripe,49
loots,49
niter,49
ohmic,49
rinds,49
scram,49
twirl,49
warps,49
blase,48
feign,48
idles,48
jaunt,48
liken,48
mends,48
ouzel,48
wolfs,48
amiss,47
boned,47
caved,47
dumpy,47
joist,47
ludic,47
minks,47
puree,47
sinew,47
snobs,47
swill,47
wench,47
bloat,46
boons,46
coops,46
exalt,46
nooks,46
paten,46
pilaf,46
slaps,46
tills,46
cleat,45
gaffe,45
glint,45
oozes,45
peaky,45
scald,45
stoat,45
upped,45
dusts,44
fagot,44
grimy,44
hussy,44
pangs,44
spurn,44
caulk,43
fetes,43
limey,43
napes,43
roomy,43
shier,43
zooms,43
botch,42
croak,42
drawl,42
ennui,42
junks,42
mutes,42
pries,42
putts,42
shyer,42
trots,42
venia,42
yoked,42
bared,41
blurt,41
briny,41
burrs,41
chins,41
chive,41
gages,41
mynah,41
pails,41
pucks,41
scabs,41
tinny,41
wooed,41
allay,40
biped,40
brims,40
gapes,40
knelt,40
loins,40
mowed,40
muffs,40
musty,40
paves,40
shrug,40
sours,40
teats,40
doers,39
gaily,39
harks,39
paged,39
sulky,39
teals,39
tosco,39
wordy,39
wryly,39
cheep,38
cinch,38
comfy,38
covet,38
howls,38
jumpy,38
leers,38
mixup,38
plunk,38
shied,38
strop,38
thaws,38
tyros,38
beget,37
bidet,37
dings,37
dross,37
frown,37
fussy,37
hazes,37
hilts,37
prods,37
slags,37
snick,37
squab,37
tiler,37
yokes,37
abeam,36
cored,36
fowls,36
idled,36
impel,36
jades,36
kaput,36
baize,35
dunce,35
lucre,35
nobly,35
rears,35
turvy,35
apace,34
belch,34
dopey,34
faros,34
gofer,34
hocks,34
imbue,34
moots,34
mushy,34
nosey,34
prude,34
robed,34
sneer,34
stank,34
tilth,34
toyed,34
uteri,34
waked,34
baser,33
gamin,33
goner,33
hoofs,33
lithe,33
ruffs,33
ruses,33
snips,33
beefy,32
creak,32
dupes,32
farad,32
peeks,32
poled,32
seato,32
slosh,32
tucks,32
welts,32
banns,31
blots,31
decry,31
ebbed,31
fifes,31
flues,31
gunny,31
loath,31
prams,31
snarl,31
wades,31
zloty,31
begot,30
bosun,30
buxom,30
chary,30
frays,30
getup,30
riyal,30
savor,30
tames,30
wince,30
yearn,30
yokel,30
aback,29
astir,29
auras,29
dosed,29
drool,29
liven,29
motes,29
mousy,29
newsy,29
sulfa,29
weeny,29
blips,28
douse,28
fiats,28
fumed,28
gassy,28
lifer,28
lucks,28
oxlip,28
raved,28
smote,28
snood,28
teems,28
aglow,27
calms,27
fawns,27
gnash,27
hived,27
hovel,27
hubby,27
saner,27
slink,27
soaks,27
tangs,27
waded,27
wring,27
amuck,26
cokes,26
donee,26
gazon,26
grump,26
inane,26
pleat,26
sidle,26
clime,25
damps,25
gazed,25
nippy,25
slyly,25
sways,25
toils,25
afore,24
flunk,24
jests,24
junes,24
paled,24
pings,24
ploys,24
pulpy,24
zesty,24
aught,23
chits,23
gluey,23
malty,23
nervy,23
peals,23
pushy,23
reaps,23
rumps,23
addle,22
boozy,22
calve,22
clods,22
faxed,22
habet,22
hotch,22
mangy,22
poach,22
pyres,22
resit,22
scire,22
scold,22
turfs,22
wisps,22
belie,21
brags,21
conks,21
cowls,21
gouty,21
homed,21
laths,21
leery,21
leggy,21
mused,21
ogles,21
rangy,21
tatty,21
vouch,21
wails,21
wombs,21
abaft,20
ameba,20
caned,20
corer,20
cruet,20
cuter,20
dully,20
jolts,20
prows,20
skews,20
snore,20
braze,19
cabby,19
culls,19
dices,19
grope,19
irked,19
lisps,19
mooch,19
podia,19
routs,19
scows,19
skims,19
wanes,19
wormy,19
biers,18
cedes,18
eking,18
giros,18
goofs,18
helot,18
leant,18
notae,18
wowed,18
abhor,17
baste,17
brads,17
hooey,17
hosed,17
jeers,17
lusts,17
molts,17
parch,17
piker,17
scoff,17
sunup,17
unbid,17
baulk,16
beefs,16
blare,16
churl,16
clonk,16
edify,16
gasps,16
muggy,16
ruing,16
scowl,16
smirk,16
snaky,16
testy,16
arced,15
exult,15
hewed,15
huffy,15
jowls,15
lulls,15
neigh,15
oakum,15
resat,15
rucks,15
sakes,15
scurf,15
sexed,15
shuns,15
slake,15
spews,15
talky,15
tufty,15
acryl,14
adman,14
biked,14
cagey,14
caked,14
coypu,14
curae,14
cushy,14
dopes,14
dryly,14
flits,14
flout,14
frizz,14
gauzy,14
grins,14
hurls,14
jibes,14
mauls,14
oozed,14
peeve,14
quiff,14
rutty,14
undid,14
waxen,14
yawls,14
balms,13
doily,13
doled,13
foxed,13
lairs,13
outre,13
scuff,13
shyly,13
sifts,13
skulk,13
solet,13
stuns,13
styli,13
toady,13
twits,13
unzip,13
vaned,13
vends,13
abets,12
cants,12
cavil,12
demur,12
mimer,12
phial,12
roved,12
rusks,12
sates,12
souse,12
unsay,12
yetis,12
boors,11
broil,11
chide,11
cowed,11
cower,11
doted,11
emend,11
foist,11
funks,11
gnaws,11
louts,11
orate,11
pined,11
razes,11
romps,11
sated,11
saute,11
shies,11
snubs,11
swats,11
unset,11
wrung,11
aping,10
bulks,10
coned,10
deify,10
eclat,10
hirer,10
klieg,10
knead,10
ninny,10
rasps,10
retch,10
slunk,10
tythe,10
unman,10
waken,10
wanly,10
wizen,10
yawns,10
yelps,10
yoyos,10
awing,9
bided,9
bungs,9
burps,9
coyly,9
dotes,9
fogey,9
goads,9
hawse,9
kneed,9
lacer,9
musts,9
purrs,9
wafts,9
whiny,9
aider,8
amain,8
bodes,8
defog,8
doper,8
frump,8
gilds,8
gloat,8
gluts,8
heeds,8
kbyte,8
meows,8
molls,8
seamy,8
skimp,8
stows,8
tamps,8
ailed,7
bawls,7
boded,7
filch,7
honks,7
mulls,7
slops,7
sties,7
strew,7
unfed,7
weans,7
agues,6
bleat,6
damns,6
dozed,6
faddy,6
fends,6
gulps,6
loafs,6
miens,6
mopes,6
orbed,6
pried,6
purls,6
thuds,6
tiffs,6
trues,6
viler,6
wishy,6
bated,5
chows,5
chuff,5
chugs,5
doffs,5
drily,5
fitly,5
gushy,5
jilts,5
knurl,5
maced,5
ogled,5
perms,5
slurp,5
abash,4
basks,4
befit,4
cosec,4
deign,4
estop,4
huffs,4
hypes,4
inure,4
jibed,4
jives,4
lazes,4
limed,4
mucks,4
ousts,4
plods,4
pouts,4
qjump,4
stunk,4
sulks,4
tzars,4
washy,4
weals,4
weepy,4
wined,4
abase,3
avows,3
balky,3
bides,3
curst,3
daubs,3
dolts,3
elate,3
flays,3
gawky,3
gibes,3
gnarl,3
inapt,3
kited,3
numbs,3
plops,3
qualm,3
rends,3
rifer,3
roves,3
tacts,3
throe,3
vaunt,3
xrays,3
yolky,3
ached,2
bawds,2
blear,2
crams,2
craws,2
darns,2
flogs,2
haply,2
hayed,2
icily,2
jowly,2
lards,2
laxly,2
lilts,2
limps,2
lolls,2
meths,2
mooed,2
orals,2
palls,2
pawed,2
puked,2
pukes,2
quaff,2
sacci,2
soppy,2
toted,2
tutee,2
unpin,2
vexes,2
wooer,2
yawed,2
admix,0
apish,0
atilt,0
befog,0
blabs,0
cadge,0
cawed,0
chivy,0
cloys,0
cooed,0
dazes,0
dewed,0
dozes,0
educe,0
endue,0
epees,0
fusty,0
gamer,0
gaped,0
gawks,0
gecko,0
gibed,0
girds,0
gloms,0
hasps,0
imbed,0
jived,0
julys,0
lazed,0
letup,0
loped,0
maims,0
mewed,0
miffs,0
pends,0
plumy,0
primo,0
quaky,0
slogs,0
slyer,0
sorer,0
swelt,0
swops,0
trope,0
unapt,0
unarm,0
unbar,0
uncap,0
unpeg,0
wetly,0
whets,0
wised,0
wrier,0
